ID,Name,Alignment,Gender,EyeColor,Race,HairColor,Publisher,SkinColor,Height,Weight
0,A-Bomb,good,Male,yellow,Human,No Hair,Marvel Comics,-,203.0,441.0
1,Abe Sapien,good,Male,blue,Icthyo Sapien,No Hair,Dark Horse Comics,blue,191.0,65.0
2,Abin Sur,good,Male,blue,Ungaran,No Hair,DC Comics,red,185.0,90.0
3,Abomination,bad,Male,green,Human / Radiation,No Hair,Marvel Comics,-,203.0,441.0
4,Abraxas,bad,Male,blue,Cosmic Entity,Black,Marvel Comics,-,-99.0,-99.0
5,Absorbing Man,bad,Male,blue,Human,No Hair,Marvel Comics,-,193.0,122.0
6,Adam Monroe,good,Male,blue,-,Blond,NBC - Heroes,-,-99.0,-99.0
7,Adam Strange,good,Male,blue,Human,Blond,DC Comics,-,185.0,88.0
8,Agent 13,good,Female,blue,-,Blond,Marvel Comics,-,173.0,61.0
9,Agent Bob,good,Male,brown,Human,Brown,Marvel Comics,-,178.0,81.0
10,Agent Zero,good,Male,-,-,-,Marvel Comics,-,191.0,104.0
11,Air-Walker,bad,Male,blue,-,White,Marvel Comics,-,188.0,108.0
12,Ajax,bad,Male,brown,Cyborg,Black,Marvel Comics,-,193.0,90.0
13,Alan Scott,good,Male,blue,-,Blond,DC Comics,-,180.0,90.0
14,Alex Mercer,bad,Male,-,Human,-,Wildstorm,-,-99.0,-99.0
15,Alex Woolsly,good,Male,-,-,-,NBC - Heroes,-,-99.0,-99.0
16,Alfred Pennyworth,good,Male,blue,Human,Black,DC Comics,-,178.0,72.0
17,Alien,bad,Male,-,Xenomorph XX121,No Hair,Dark Horse Comics,black,244.0,169.0
18,Allan Quatermain,good,Male,-,-,-,Wildstorm,-,-99.0,-99.0
19,Amazo,bad,Male,red,Android,-,DC Comics,-,257.0,173.0
20,Ammo,bad,Male,brown,Human,Black,Marvel Comics,-,188.0,101.0
21,Ando Masahashi,good,Male,-,-,-,NBC - Heroes,-,-99.0,-99.0
22,Angel,good,Male,blue,-,Blond,Marvel Comics,-,183.0,68.0
23,Angel,good,Male,-,Vampire,-,Dark Horse Comics,-,-99.0,-99.0
24,Angel Dust,good,Female,yellow,Mutant,Black,Marvel Comics,-,165.0,57.0
25,Angel Salvadore,good,Female,brown,-,Black,Marvel Comics,-,163.0,54.0
26,Angela,bad,Female,-,-,-,Image Comics,-,-99.0,-99.0
27,Animal Man,good,Male,blue,Human,Blond,DC Comics,-,183.0,83.0
28,Annihilus,bad,Male,green,-,No Hair,Marvel Comics,-,180.0,90.0
29,Ant-Man,good,Male,blue,Human,Blond,Marvel Comics,-,211.0,122.0
30,Ant-Man II,good,Male,blue,Human,Blond,Marvel Comics,-,183.0,86.0
31,Anti-Monitor,bad,Male,yellow,God / Eternal,No Hair,DC Comics,-,61.0,-99.0
32,Anti-Spawn,bad,Male,-,-,-,Image Comics,-,-99.0,-99.0
33,Anti-Venom,-,Male,blue,Symbiote,Blond,Marvel Comics,-,229.0,358.0
34,Apocalypse,bad,Male,red,Mutant,Black,Marvel Comics,grey,213.0,135.0
35,Aquababy,good,Male,blue,-,Blond,DC Comics,-,-99.0,-99.0
36,Aqualad,good,Male,blue,Atlantean,Black,DC Comics,-,178.0,106.0
37,Aquaman,good,Male,blue,Atlantean,Blond,DC Comics,-,185.0,146.0
38,Arachne,good,Female,blue,Human,Blond,Marvel Comics,-,175.0,63.0
39,Archangel,good,Male,blue,Mutant,Blond,Marvel Comics,blue,183.0,68.0
40,Arclight,bad,Female,violet,-,Purple,Marvel Comics,-,173.0,57.0
41,Ardina,good,Female,white,Alien,Orange,Marvel Comics,gold,193.0,98.0
42,Ares,good,Male,brown,-,Brown,Marvel Comics,-,185.0,270.0
43,Ariel,good,Female,purple,-,Pink,Marvel Comics,-,165.0,59.0
44,Armor,good,Female,black,-,Black,Marvel Comics,-,163.0,50.0
45,Arsenal,good,Male,-,Human,-,DC Comics,-,-99.0,-99.0
46,Astro Boy,good,Male,brown,-,Black,,-,-99.0,-99.0
47,Atlas,good,Male,brown,Mutant,Red,Marvel Comics,-,183.0,101.0
48,Atlas,bad,Male,blue,God / Eternal,Brown,DC Comics,-,198.0,126.0
49,Atom,good,Male,blue,-,Red,DC Comics,-,178.0,68.0
50,Atom,good,Male,-,-,-,DC Comics,-,-99.0,-99.0
51,Atom Girl,good,Female,black,-,Black,DC Comics,-,168.0,54.0
52,Atom II,good,Male,brown,Human,Auburn,DC Comics,-,183.0,81.0
53,Atom III,good,Male,-,-,Red,DC Comics,-,-99.0,-99.0
54,Atom IV,good,Male,brown,-,Black,DC Comics,-,-99.0,72.0
55,Aurora,good,Female,blue,Mutant,Black,Marvel Comics,-,180.0,63.0
56,Azazel,bad,Male,yellow,Neyaphem,Black,Marvel Comics,red,183.0,67.0
57,Azrael,good,Male,brown,Human,Black,DC Comics,-,-99.0,-99.0
58,Aztar,good,Male,-,-,-,DC Comics,-,-99.0,-99.0
59,Bane,bad,Male,-,Human,-,DC Comics,-,203.0,180.0
60,Banshee,good,Male,green,Human,Strawberry Blond,Marvel Comics,-,183.0,77.0
61,Bantam,good,Male,brown,-,Black,Marvel Comics,-,165.0,54.0
62,Batgirl,good,Female,-,-,-,DC Comics,-,-99.0,-99.0
63,Batgirl,good,Female,green,Human,Red,DC Comics,-,170.0,57.0
64,Batgirl III,good,Female,-,-,-,DC Comics,-,-99.0,-99.0
65,Batgirl IV,good,Female,green,Human,Black,DC Comics,-,165.0,52.0
66,Batgirl V,good,Female,-,-,-,DC Comics,-,-99.0,-99.0
67,Batgirl VI,good,Female,blue,-,Blond,DC Comics,-,168.0,61.0
68,Batman,good,Male,blue,Human,black,DC Comics,-,188.0,95.0
69,Batman,good,Male,blue,Human,Black,DC Comics,-,178.0,77.0
70,Batman II,good,Male,blue,Human,Black,DC Comics,-,178.0,79.0
71,Battlestar,good,Male,brown,-,Black,Marvel Comics,-,198.0,133.0
72,Batwoman V,good,Female,green,Human,Red,DC Comics,-,178.0,-99.0
73,Beak,good,Male,black,-,White,Marvel Comics,-,175.0,63.0
74,Beast,good,Male,blue,Mutant,Blue,Marvel Comics,blue,180.0,181.0
75,Beast Boy,good,Male,green,Human,Green,DC Comics,green,173.0,68.0
76,Beetle,bad,Male,-,-,-,Marvel Comics,-,-99.0,-99.0
77,Ben 10,good,Male,-,-,-,DC Comics,-,-99.0,-99.0
78,Beta Ray Bill,good,Male,-,-,No Hair,Marvel Comics,-,201.0,216.0
79,Beyonder,good,Male,-,God / Eternal,-,Marvel Comics,-,-99.0,-99.0
80,Big Barda,bad,Female,blue,New God,Black,DC Comics,-,188.0,135.0
81,Big Daddy,good,Male,-,-,-,Icon Comics,-,-99.0,-99.0
82,Big Man,bad,Male,blue,-,Brown,Marvel Comics,-,165.0,71.0
83,Bill Harken,good,Male,-,Alpha,-,SyFy,-,-99.0,-99.0
84,Billy Kincaid,bad,Male,-,-,-,Image Comics,-,-99.0,-99.0
85,Binary,good,Female,blue,-,Blond,Marvel Comics,-,180.0,54.0
86,Bionic Woman,good,Female,blue,Cyborg,Black,,-,-99.0,-99.0
87,Bird-Brain,good,-,-,-,-,Marvel Comics,-,-99.0,-99.0
88,Bird-Man,bad,Male,-,Human,-,Marvel Comics,-,-99.0,-99.0
89,Bird-Man II,bad,Male,-,Human,-,Marvel Comics,-,-99.0,-99.0
90,Birdman,good,Male,-,God / Eternal,-,Hanna-Barbera,-,-99.0,-99.0
91,Bishop,good,Male,brown,Mutant,No Hair,Marvel Comics,-,198.0,124.0
92,Bizarro,neutral,Male,black,Bizarro,Black,DC Comics,white,191.0,155.0
93,Black Abbott,bad,Male,red,-,Black,Marvel Comics,-,-99.0,-99.0
94,Black Adam,bad,Male,brown,-,Black,DC Comics,-,191.0,113.0
95,Black Bolt,good,Male,blue,Inhuman,Black,Marvel Comics,-,188.0,95.0
96,Black Canary,good,Female,blue,Human,Blond,DC Comics,-,165.0,58.0
97,Black Canary,good,Female,blue,Metahuman,Blond,DC Comics,-,170.0,59.0
98,Black Cat,good,Female,green,Human,Blond,Marvel Comics,-,178.0,54.0
99,Black Flash,neutral,Male,-,God / Eternal,-,DC Comics,-,-99.0,-99.0
100,Black Goliath,good,Male,-,-,-,Marvel Comics,-,-99.0,-99.0
101,Black Knight III,good,Male,brown,Human,Brown,Marvel Comics,-,183.0,86.0
102,Black Lightning,good,Male,brown,-,No Hair,DC Comics,-,185.0,90.0
103,Black Mamba,bad,Female,green,-,Black,Marvel Comics,-,170.0,52.0
104,Black Manta,bad,Male,black,Human,No Hair,DC Comics,-,188.0,92.0
105,Black Panther,good,Male,brown,Human,Black,Marvel Comics,-,183.0,90.0
106,Black Widow,good,Female,green,Human,Auburn,Marvel Comics,-,170.0,59.0
107,Black Widow II,good,Female,blue,-,Blond,Marvel Comics,-,170.0,61.0
108,Blackout,bad,Male,red,Demon,White,Marvel Comics,white,191.0,104.0
109,Blackwing,bad,Male,blue,-,Black,Marvel Comics,-,185.0,86.0
110,Blackwulf,-,Male,red,Alien,White,Marvel Comics,-,188.0,88.0
111,Blade,good,Male,brown,Vampire,Black,Marvel Comics,-,188.0,97.0
112,Blaquesmith,good,-,black,-,No Hair,Marvel Comics,-,-99.0,-99.0
113,Bling!,good,Female,-,-,-,Marvel Comics,-,168.0,68.0
114,Blink,good,Female,green,Mutant,Magenta,Marvel Comics,pink,165.0,56.0
115,Blizzard,bad,Male,-,-,-,Marvel Comics,-,-99.0,-99.0
116,Blizzard,bad,Male,-,-,Brown,Marvel Comics,-,-99.0,-99.0
117,Blizzard II,bad,Male,brown,-,Brown,Marvel Comics,-,175.0,77.0
118,Blob,bad,Male,brown,-,Brown,Marvel Comics,-,178.0,230.0
119,Bloodaxe,bad,Female,blue,Human,Brown,Marvel Comics,-,218.0,495.0
120,Bloodhawk,good,Male,black,Mutant,No Hair,Marvel Comics,-,-99.0,-99.0
121,Bloodwraith,bad,Male,white,-,No Hair,Marvel Comics,-,30.5,-99.0
122,Blue Beetle,good,Male,blue,-,Brown,DC Comics,-,-99.0,-99.0
123,Blue Beetle,good,Male,-,-,-,DC Comics,-,-99.0,-99.0
124,Blue Beetle II,good,Male,blue,-,Brown,DC Comics,-,183.0,86.0
125,Blue Beetle III,good,Male,brown,Human,Black,DC Comics,-,-99.0,-99.0
126,Boba Fett,bad,Male,brown,Human / Clone,Black,George Lucas,-,183.0,-99.0
127,Bolt,good,Male,-,-,-,Marvel Comics,-,-99.0,-99.0
128,Bomb Queen,bad,Female,-,-,-,Image Comics,-,-99.0,-99.0
129,Boom-Boom,good,Female,blue,Mutant,Blond,Marvel Comics,-,165.0,55.0
130,Boomer,good,Female,-,-,-,Marvel Comics,-,-99.0,-99.0
131,Booster Gold,good,Male,blue,Human,Blond,DC Comics,-,196.0,97.0
132,Box,good,Male,-,-,-,Marvel Comics,-,-99.0,-99.0
133,Box III,good,-,blue,-,Blond,Marvel Comics,-,193.0,110.0
134,Box IV,good,-,brown,-,Brown / Black,Marvel Comics,-,-99.0,-99.0
135,Brainiac,bad,Male,green,Android,No Hair,DC Comics,green,198.0,135.0
136,Brainiac 5,good,Male,green,-,Blond,DC Comics,-,170.0,61.0
137,Brother Voodoo,good,Male,brown,Human,Brown / White,Marvel Comics,-,183.0,99.0
138,Brundlefly,-,Male,-,Mutant,-,,-,193.0,-99.0
139,Buffy,good,Female,green,Human,Blond,Dark Horse Comics,-,157.0,52.0
140,Bullseye,bad,Male,blue,Human,blond,Marvel Comics,-,183.0,90.0
141,Bumblebee,good,Female,brown,Human,Black,DC Comics,-,170.0,59.0
142,Bumbleboy,good,Male,-,-,-,Marvel Comics,-,-99.0,-99.0
143,Bushido,good,Male,-,Human,-,DC Comics,-,-99.0,-99.0
144,Cable,good,Male,blue,Mutant,White,Marvel Comics,-,203.0,158.0
145,Callisto,bad,Female,blue,-,Black,Marvel Comics,-,175.0,74.0
146,Cameron Hicks,good,Male,-,Alpha,-,SyFy,-,-99.0,-99.0
147,Cannonball,good,Male,blue,-,Blond,Marvel Comics,-,183.0,81.0
148,Captain America,good,Male,blue,Human,blond,Marvel Comics,-,188.0,108.0
149,Captain Atom,good,Male,blue,Human / Radiation,Silver,DC Comics,silver,193.0,90.0
150,Captain Britain,good,Male,blue,Human,Blond,Marvel Comics,-,198.0,116.0
151,Captain Cold,neutral,Male,brown,Human,Brown,DC Comics,-,-99.0,-99.0
152,Captain Epic,good,Male,blue,-,Brown,Team Epic TV,-,188.0,-99.0
153,Captain Hindsight,good,Male,-,Human,Black,South Park,-,-99.0,-99.0
154,Captain Mar-vell,good,Male,blue,-,Blond,Marvel Comics,-,188.0,108.0
155,Captain Marvel,good,Female,blue,Human-Kree,Blond,Marvel Comics,-,180.0,74.0
156,Captain Marvel,good,Male,blue,Human,Black,DC Comics,-,193.0,101.0
157,Captain Marvel II,good,Male,blue,Human,Black,DC Comics,-,175.0,74.0
158,Captain Midnight,good,Male,-,Human,-,Dark Horse Comics,-,-99.0,-99.0
159,Captain Planet,good,Male,red,God / Eternal,Green,Marvel Comics,-,-99.0,-99.0
160,Captain Universe,good,-,-,God / Eternal,-,Marvel Comics,-,-99.0,-99.0
161,Carnage,bad,Male,green,Symbiote,Red,Marvel Comics,-,185.0,86.0
162,Cat,good,Female,blue,-,Blond,Marvel Comics,-,173.0,61.0
163,Cat II,good,Female,-,-,-,Marvel Comics,-,-99.0,-99.0
164,Catwoman,good,Female,green,Human,Black,DC Comics,-,175.0,61.0
165,Cecilia Reyes,good,-,brown,-,Brown,Marvel Comics,-,170.0,62.0
166,Century,good,Male,white,Alien,White,Marvel Comics,grey,201.0,97.0
167,Cerebra,good,Female,-,Mutant,-,Marvel Comics,-,-99.0,-99.0
168,Chamber,good,Male,brown,Mutant,Brown,Marvel Comics,-,175.0,63.0
169,Chameleon,bad,Male,-,-,-,DC Comics,-,-99.0,-99.0
170,Changeling,bad,Male,brown,-,Black,Marvel Comics,-,180.0,81.0
171,Cheetah,bad,Female,green,Human,Blond,DC Comics,-,163.0,50.0
172,Cheetah II,bad,Female,green,Human,Brown,DC Comics,-,170.0,55.0
173,Cheetah III,bad,Female,brown,Human,Brown,DC Comics,-,175.0,54.0
174,Chromos,bad,Male,brown,-,Red / Grey,Team Epic TV,-,185.0,86.0
175,Chuck Norris,good,Male,-,-,-,,-,178.0,-99.0
176,Citizen Steel,good,Male,green,Human,Red,DC Comics,-,183.0,170.0
177,Claire Bennet,good,Female,blue,-,Blond,NBC - Heroes,-,-99.0,-99.0
178,Clea,good,-,-,-,White,Marvel Comics,-,-99.0,-99.0
179,Cloak,good,Male,brown,-,black,Marvel Comics,-,226.0,70.0
180,Clock King,bad,Male,blue,Human,Black,DC Comics,-,178.0,78.0
181,Cogliostro,bad,Male,-,-,-,Image Comics,-,-99.0,-99.0
182,Colin Wagner,good,Male,grey,-,Brown,HarperCollins,-,-99.0,-99.0
183,Colossal Boy,good,Male,-,-,-,DC Comics,-,-99.0,-99.0
184,Colossus,good,Male,silver,Mutant,Black,Marvel Comics,-,226.0,225.0
185,Copycat,neutral,Female,red,Mutant,White,Marvel Comics,blue,183.0,67.0
186,Corsair,good,Male,brown,-,Brown,Marvel Comics,-,191.0,79.0
187,Cottonmouth,bad,Male,brown,Human,Black,Marvel Comics,-,183.0,99.0
188,Crimson Crusader,good,Male,blue,-,Strawberry Blond,Marvel Comics,-,-99.0,-99.0
189,Crimson Dynamo,good,Male,brown,-,No Hair,Marvel Comics,-,180.0,104.0
190,Crystal,good,Female,green,Inhuman,Red,Marvel Comics,-,168.0,50.0
191,Curse,bad,Male,-,-,-,Image Comics,-,-99.0,-99.0
192,Cy-Gor,bad,Male,-,-,-,Image Comics,-,-99.0,-99.0
193,Cyborg,good,Male,brown,Cyborg,Black,DC Comics,-,198.0,173.0
194,Cyborg Superman,bad,Male,blue,Cyborg,Black,DC Comics,-,-99.0,-99.0
195,Cyclops,good,Male,brown,Mutant,Brown,Marvel Comics,-,191.0,88.0
196,Cypher,good,-,blue,-,Blond,Marvel Comics,-,175.0,68.0
197,Dagger,good,Female,blue,-,Blond,Marvel Comics,-,165.0,52.0
198,Danny Cooper,good,Male,brown,-,Blond,HarperCollins,-,-99.0,-99.0
199,Daphne Powell,good,Female,-,-,-,ABC Studios,-,-99.0,-99.0
200,Daredevil,good,Male,blue,Human,Red,Marvel Comics,-,183.0,90.0
201,Darkhawk,good,Male,brown,Human,Brown,Marvel Comics,-,185.0,81.0
202,Darkman,good,Male,-,-,-,Universal Studios,-,-99.0,-99.0
203,Darkseid,bad,Male,red,New God,No Hair,DC Comics,grey,267.0,817.0
204,Darkside,bad,-,-,-,-,,-,-99.0,-99.0
205,Darkstar,good,Female,brown,Mutant,Blond,Marvel Comics,-,168.0,56.0
206,Darth Maul,bad,Male,yellow / red,Dathomirian Zabrak,-,George Lucas,red / black,170.0,-99.0
207,Darth Vader,bad,Male,yellow,Cyborg,No Hair,George Lucas,-,198.0,135.0
208,Dash,good,Male,blue,Human,Blond,Dark Horse Comics,-,122.0,27.0
209,Data,good,Male,yellow,Android,Brown,Star Trek,-,-99.0,-99.0
210,Dazzler,good,Female,blue,Mutant,Blond,Marvel Comics,-,173.0,52.0
211,Deadman,good,Male,blue,Human,Black,DC Comics,-,183.0,90.0
212,Deadpool,neutral,Male,brown,Mutant,No Hair,Marvel Comics,-,188.0,95.0
213,Deadshot,bad,Male,brown,Human,Brown,DC Comics,-,185.0,91.0
214,Deathlok,good,Male,brown,Cyborg,Grey,Marvel Comics,-,193.0,178.0
215,Deathstroke,neutral,Male,blue,Human,White,DC Comics,-,193.0,101.0
216,Demogoblin,bad,Male,red,Demon,No Hair,Marvel Comics,-,185.0,95.0
217,Destroyer,bad,Male,-,-,-,Marvel Comics,-,188.0,383.0
218,Diamondback,bad,Male,brown,Human,Black,Marvel Comics,-,193.0,90.0
219,DL Hawkins,good,Male,-,-,-,NBC - Heroes,-,-99.0,-99.0
220,Doc Samson,good,Male,blue,Human / Radiation,Green,Marvel Comics,-,198.0,171.0
221,Doctor Doom,bad,Male,brown,Human,Brown,Marvel Comics,-,201.0,187.0
222,Doctor Doom II,bad,Male,brown,-,Brown,Marvel Comics,-,201.0,132.0
223,Doctor Fate,good,Male,blue,Human,Blond,DC Comics,-,188.0,89.0
224,Doctor Octopus,bad,Male,brown,Human,Brown,Marvel Comics,-,175.0,110.0
225,Doctor Strange,good,Male,grey,Human,Black,Marvel Comics,-,188.0,81.0
226,Domino,good,Female,blue,Human,Black,Marvel Comics,white,173.0,54.0
227,Donatello,good,Male,green,Mutant,No Hair,IDW Publishing,green,-99.0,-99.0
228,Donna Troy,good,Female,blue,Amazon,Black,DC Comics,-,175.0,63.0
229,Doomsday,bad,Male,red,Alien,White,DC Comics,-,244.0,412.0
230,Doppelganger,bad,Male,white,-,No Hair,Marvel Comics,-,196.0,104.0
231,Dormammu,bad,Male,yellow,-,No Hair,Marvel Comics,-,185.0,-99.0
232,Dr Manhattan,good,Male,white,Human / Cosmic,No Hair,DC Comics,blue,-99.0,-99.0
233,Drax the Destroyer,good,Male,red,Human / Altered,No Hair,Marvel Comics,green,193.0,306.0
234,Ego,bad,-,-,-,-,Marvel Comics,-,-99.0,-99.0
235,Elastigirl,good,Female,brown,Human,Brown,Dark Horse Comics,-,168.0,56.0
236,Electro,bad,Male,blue,Human,Auburn,Marvel Comics,-,180.0,74.0
237,Elektra,good,Female,blue,Human,Black,Marvel Comics,-,175.0,59.0
238,Elle Bishop,bad,Female,blue,-,Blond,NBC - Heroes,-,-99.0,-99.0
239,Elongated Man,good,Male,blue,-,Red,DC Comics,-,185.0,80.0
240,Emma Frost,good,Female,blue,-,Blond,Marvel Comics,-,178.0,65.0
241,Enchantress,good,Female,blue,Human,Blond,DC Comics,-,168.0,57.0
242,Energy,good,Female,-,-,-,HarperCollins,-,-99.0,-99.0
243,ERG-1,good,Male,-,-,-,DC Comics,-,-99.0,-99.0
244,Ethan Hunt,good,Male,brown,Human,Brown,,-,168.0,-99.0
245,Etrigan,neutral,Male,red,Demon,No Hair,DC Comics,yellow,193.0,203.0
246,Evil Deadpool,bad,Male,white,Mutant,Red,Marvel Comics,-,188.0,95.0
247,Evilhawk,bad,Male,red,Alien,Black,Marvel Comics,green,191.0,106.0
248,Exodus,bad,Male,blue,Mutant,Black,Marvel Comics,red,183.0,88.0
249,Fabian Cortez,bad,-,blue,-,Brown,Marvel Comics,-,196.0,96.0
250,Falcon,good,Male,brown,Human,Black,Marvel Comics,-,188.0,108.0
251,Fallen One II,bad,Male,black,-,Blue,Marvel Comics,-,-99.0,-99.0
252,Faora,bad,Female,-,Kryptonian,-,DC Comics,-,-99.0,-99.0
253,Feral,good,-,yellow (without irises),-,Orange / White,Marvel Comics,-,175.0,50.0
254,Fighting Spirit,good,Female,-,-,Red,DC Comics,-,-99.0,-99.0
255,Fin Fang Foom,good,Male,red,Kakarantharaian,No Hair,Marvel Comics,green,975.0,18.0
256,Firebird,good,Female,brown,-,Black,Marvel Comics,-,165.0,56.0
257,Firelord,good,-,white,-,Yellow,Marvel Comics,-,193.0,99.0
258,Firestar,good,Female,green,Mutant,Red,Marvel Comics,-,173.0,56.0
259,Firestorm,good,Male,brown,-,Black,DC Comics,-,-99.0,-99.0
260,Firestorm,good,Male,blue,Human,Auburn,DC Comics,-,188.0,91.0
261,Fixer,bad,-,red,-,No Hair,Marvel Comics,-,-99.0,-99.0
262,Flash,good,Male,blue,Human,Brown / White,DC Comics,-,180.0,81.0
263,Flash Gordon,good,Male,-,-,-,,-,-99.0,-99.0
264,Flash II,good,Male,blue,Human,Blond,DC Comics,-,183.0,88.0
265,Flash III,good,Male,-,Human,-,DC Comics,-,183.0,86.0
266,Flash IV,good,Male,yellow,Human,Auburn,DC Comics,-,157.0,52.0
267,Forge,good,-,brown,-,Black,Marvel Comics,-,183.0,81.0
268,Franklin Richards,good,Male,blue,Mutant,Blond,Marvel Comics,-,142.0,45.0
269,Franklin Storm,good,-,blue,-,Grey,Marvel Comics,-,188.0,92.0
270,Frenzy,bad,Female,brown,-,Black,Marvel Comics,-,211.0,104.0
271,Frigga,good,Female,blue,-,White,Marvel Comics,-,180.0,167.0
272,Galactus,neutral,Male,black,Cosmic Entity,Black,Marvel Comics,-,876.0,16.0
273,Gambit,good,Male,red,Mutant,Brown,Marvel Comics,-,185.0,81.0
274,Gamora,good,Female,yellow,Zen-Whoberian,Black,Marvel Comics,green,183.0,77.0
275,Garbage Man,good,Male,-,Mutant,-,DC Comics,-,-99.0,-99.0
276,Gary Bell,good,Male,-,Alpha,-,SyFy,-,-99.0,-99.0
277,General Zod,bad,Male,black,Kryptonian,Black,DC Comics,-,-99.0,-99.0
278,Genesis,good,Male,blue,-,Blond,Marvel Comics,-,185.0,86.0
279,Ghost Rider,good,Male,red,Demon,No Hair,Marvel Comics,-,188.0,99.0
280,Ghost Rider II,good,-,-,-,-,Marvel Comics,-,-99.0,-99.0
281,Giant-Man,good,Male,-,Human,-,Marvel Comics,-,-99.0,-99.0
282,Giant-Man II,good,Male,-,-,-,Marvel Comics,-,-99.0,-99.0
283,Giganta,bad,Female,green,-,Red,DC Comics,-,62.5,630.0
284,Gladiator,neutral,Male,blue,Strontian,Blue,Marvel Comics,purple,198.0,268.0
285,Goblin Queen,bad,Female,green,-,Red,Marvel Comics,-,168.0,50.0
286,Godzilla,bad,-,-,Kaiju,-,,grey,108.0,
287,Gog,bad,Male,-,-,-,DC Comics,-,-99.0,-99.0
288,Goku,good,Male,-,Saiyan,-,Shueisha,-,175.0,62.0
289,Goliath,good,Male,-,-,-,Marvel Comics,-,-99.0,-99.0
290,Goliath,good,Male,-,Human,-,Marvel Comics,-,-99.0,-99.0
291,Goliath,good,Male,-,Human,-,Marvel Comics,-,-99.0,-99.0
292,Goliath IV,good,Male,brown,-,Black,Marvel Comics,-,183.0,90.0
293,Gorilla Grodd,bad,Male,yellow,Gorilla,Black,DC Comics,-,198.0,270.0
294,Granny Goodness,bad,Female,blue,-,White,DC Comics,-,178.0,115.0
295,Gravity,good,Male,blue,Human,Brown,Marvel Comics,-,178.0,79.0
296,Greedo,bad,Male,purple,Rodian,-,George Lucas,green,170.0,-99.0
297,Green Arrow,good,Male,green,Human,Blond,DC Comics,-,188.0,88.0
298,Green Goblin,bad,Male,blue,Human,Auburn,Marvel Comics,-,180.0,83.0
299,Green Goblin II,bad,Male,blue,-,Auburn,Marvel Comics,-,178.0,77.0
300,Green Goblin III,good,Male,-,-,-,Marvel Comics,-,183.0,88.0
301,Green Goblin IV,good,Male,green,-,Brown,Marvel Comics,-,178.0,79.0
302,Groot,good,Male,yellow,Flora Colossus,-,Marvel Comics,-,701.0,4.0
303,Guardian,good,Male,brown,Human,Black,Marvel Comics,-,-99.0,-99.0
304,Guy Gardner,good,Male,blue,Human-Vuldarian,Red,DC Comics,-,188.0,95.0
305,Hal Jordan,good,Male,brown,Human,Brown,DC Comics,-,188.0,90.0
306,Han Solo,good,Male,brown,Human,Brown,George Lucas,-,183.0,79.0
307,Hancock,good,Male,brown,Human,Black,Sony Pictures,-,188.0,-99.0
308,Harley Quinn,bad,Female,blue,Human,Blond,DC Comics,-,170.0,63.0
309,Harry Potter,good,Male,green,Human,Black,J. K. Rowling,-,-99.0,-99.0
310,Havok,good,Male,blue,Mutant,Blond,Marvel Comics,-,183.0,79.0
311,Hawk,good,Male,red,-,Brown,DC Comics,-,185.0,89.0
312,Hawkeye,good,Male,blue,Human,Blond,Marvel Comics,-,191.0,104.0
313,Hawkeye II,good,Female,blue,Human,Black,Marvel Comics,-,165.0,57.0
314,Hawkgirl,good,Female,green,-,Red,DC Comics,-,175.0,61.0
315,Hawkman,good,Male,blue,-,Brown,DC Comics,-,185.0,88.0
316,Hawkwoman,good,Female,green,-,Red,DC Comics,-,175.0,54.0
317,Hawkwoman II,good,Female,-,-,-,DC Comics,-,-99.0,-99.0
318,Hawkwoman III,good,Female,blue,-,Red,DC Comics,-,170.0,65.0
319,Heat Wave,bad,Male,blue,Human,No Hair,DC Comics,-,180.0,81.0
320,Hela,bad,Female,green,Asgardian,Black,Marvel Comics,-,213.0,225.0
321,Hellboy,good,Male,gold,Demon,Black,Dark Horse Comics,-,259.0,158.0
322,Hellcat,good,Female,blue,Human,Red,Marvel Comics,-,173.0,61.0
323,Hellstorm,good,Male,red,-,Red,Marvel Comics,-,185.0,81.0
324,Hercules,good,Male,blue,Demi-God,Brown,Marvel Comics,-,196.0,146.0
325,Hiro Nakamura,good,Male,-,-,-,NBC - Heroes,-,-99.0,-99.0
326,Hit-Girl,good,Female,-,Human,-,Icon Comics,-,-99.0,-99.0
327,Hobgoblin,bad,Male,blue,-,Grey,Marvel Comics,-,180.0,83.0
328,Hollow,good,Female,blue,-,Red,Marvel Comics,-,170.0,-99.0
329,Hope Summers,good,Female,green,-,Red,Marvel Comics,-,168.0,48.0
330,Howard the Duck,good,Male,brown,-,Yellow,Marvel Comics,-,79.0,18.0
331,Hulk,good,Male,green,Human / Radiation,Green,Marvel Comics,green,244.0,630.0
332,Human Torch,good,Male,blue,Human / Radiation,Blond,Marvel Comics,-,178.0,77.0
333,Huntress,good,Female,blue,-,Black,DC Comics,-,180.0,59.0
334,Husk,good,Female,blue,Mutant,Blond,Marvel Comics,-,170.0,58.0
335,Hybrid,good,Male,brown,Symbiote,Black,Marvel Comics,-,175.0,77.0
336,Hydro-Man,bad,Male,brown,-,Brown,Marvel Comics,-,188.0,119.0
337,Hyperion,good,Male,blue,Eternal,Red,Marvel Comics,-,183.0,207.0
338,Iceman,good,Male,brown,Mutant,Brown,Marvel Comics,-,173.0,65.0
339,Impulse,good,Male,yellow,Human,Auburn,DC Comics,-,170.0,65.0
340,Indiana Jones,good,Male,-,Human,-,George Lucas,-,183.0,79.0
341,Indigo,neutral,Female,-,Alien,Purple,DC Comics,-,-99.0,-99.0
342,Ink,good,Male,blue,Mutant,No Hair,Marvel Comics,-,180.0,81.0
343,Invisible Woman,good,Female,blue,Human / Radiation,Blond,Marvel Comics,-,168.0,54.0
344,Iron Fist,good,Male,blue,Human,Blond,Marvel Comics,-,180.0,79.0
345,Iron Man,good,Male,blue,Human,Black,Marvel Comics,-,198.0,191.0
346,Iron Monger,bad,Male,blue,-,No Hair,Marvel Comics,-,-99.0,2.0
347,Isis,good,Female,-,-,-,DC Comics,-,-99.0,-99.0
348,Jack Bauer,good,Male,-,-,-,,-,-99.0,-99.0
349,Jack of Hearts,good,Male,blue / white,Human,Brown,Marvel Comics,-,155.0,79.0
350,Jack-Jack,good,Male,blue,Human,Brown,Dark Horse Comics,-,71.0,14.0
351,James Bond,good,Male,blue,Human,Blond,Titan Books,-,183.0,-99.0
352,James T. Kirk,good,Male,hazel,Human,Brown,Star Trek,-,178.0,77.0
353,Jar Jar Binks,good,Male,yellow,Gungan,-,George Lucas,orange / white,193.0,-99.0
354,Jason Bourne,good,Male,-,Human,-,,-,-99.0,-99.0
355,Jean Grey,good,Female,green,Mutant,Red,Marvel Comics,-,168.0,52.0
356,Jean-Luc Picard,good,Male,-,Human,-,Star Trek,-,-99.0,-99.0
357,Jennifer Kale,good,Female,blue,-,Blond,Marvel Comics,-,168.0,55.0
358,Jesse Quick,good,Female,-,Human,-,DC Comics,-,-99.0,-99.0
359,Jessica Cruz,good,Female,green,Human,Brown,DC Comics,-,-99.0,-99.0
360,Jessica Jones,good,Female,brown,Human,Brown,Marvel Comics,-,170.0,56.0
361,Jessica Sanders,good,Female,-,-,-,NBC - Heroes,-,-99.0,-99.0
362,Jigsaw,bad,Male,blue,-,Black,Marvel Comics,-,188.0,113.0
363,Jim Powell,good,Male,-,-,-,ABC Studios,-,-99.0,-99.0
364,JJ Powell,good,Male,-,-,-,ABC Studios,-,-99.0,-99.0
365,Johann Krauss,good,Male,-,-,-,Dark Horse Comics,-,-99.0,-99.0
366,John Constantine,good,Male,blue,Human,Blond,DC Comics,-,183.0,-99.0
367,John Stewart,good,Male,green,Human,Black,DC Comics,-,185.0,90.0
368,John Wraith,good,Male,brown,-,Black,Marvel Comics,-,183.0,88.0
369,Joker,bad,Male,green,Human,Green,DC Comics,white,196.0,86.0
370,Jolt,good,Female,blue,-,Black,Marvel Comics,-,165.0,49.0
371,Jubilee,good,Female,red,Mutant,Black,Marvel Comics,-,165.0,52.0
372,Judge Dredd,good,Male,-,Human,-,Rebellion,-,188.0,-99.0
373,Juggernaut,neutral,Male,blue,Human,Red,Marvel Comics,-,287.0,855.0
374,Junkpile,bad,Male,-,Mutant,-,Marvel Comics,-,-99.0,-99.0
375,Justice,good,Male,hazel,Human,Brown,Marvel Comics,-,178.0,81.0
376,Jyn Erso,good,Female,green,Human,Brown,George Lucas,-,-99.0,-99.0
377,K-2SO,good,Male,white,Android,No Hair,George Lucas,gray,213.0,-99.0
378,Kang,bad,Male,brown,-,Brown,Marvel Comics,-,191.0,104.0
379,Karate Kid,good,Male,brown,Human,Brown,DC Comics,-,173.0,72.0
380,Kathryn Janeway,good,Female,-,Human,-,Star Trek,-,-99.0,-99.0
381,Katniss Everdeen,good,Female,-,Human,-,,-,-99.0,-99.0
382,Kevin 11,good,Male,-,Human,Black,DC Comics,-,-99.0,-99.0
383,Kick-Ass,good,Male,blue,Human,Blond,Icon Comics,-,-99.0,-99.0
384,Kid Flash,good,Male,green,Human,Red,DC Comics,-,-99.0,-99.0
385,Kid Flash II,good,Male,-,-,-,DC Comics,-,-99.0,-99.0
386,Killer Croc,bad,Male,red,Metahuman,No Hair,DC Comics,green,244.0,356.0
387,Killer Frost,bad,Female,blue,Human,Blond,DC Comics,blue,-99.0,-99.0
388,Kilowog,good,Male,red,Bolovaxian,No Hair,DC Comics,pink,234.0,324.0
389,King Kong,good,Male,yellow,Animal,Black,,-,30.5,
390,King Shark,bad,Male,black,Animal,No Hair,DC Comics,-,-99.0,-99.0
391,Kingpin,bad,Male,blue,Human,No Hair,Marvel Comics,-,201.0,203.0
392,Klaw,bad,Male,red,Human,No Hair,Marvel Comics,red,188.0,97.0
393,Kool-Aid Man,good,Male,black,-,No Hair,,red,-99.0,-99.0
394,Kraven II,bad,Male,brown,Human,Black,Marvel Comics,-,191.0,99.0
395,Kraven the Hunter,bad,Male,brown,Human,Black,Marvel Comics,-,183.0,106.0
396,Krypto,good,Male,blue,Kryptonian,White,DC Comics,-,64.0,18.0
397,Kyle Rayner,good,Male,green,Human,Black,DC Comics,-,180.0,79.0
398,Kylo Ren,bad,Male,-,Human,-,George Lucas,-,-99.0,-99.0
399,Lady Bullseye,bad,Female,-,-,Black,Marvel Comics,-,-99.0,-99.0
400,Lady Deathstrike,bad,Female,brown,Cyborg,Black,Marvel Comics,-,175.0,58.0
401,Leader,bad,Male,green,-,No Hair,Marvel Comics,-,178.0,63.0
402,Leech,good,Male,-,-,-,Marvel Comics,-,-99.0,-99.0
403,Legion,good,Male,green / blue,Mutant,Black,Marvel Comics,-,175.0,59.0
404,Leonardo,good,Male,blue,Mutant,No Hair,IDW Publishing,green,-99.0,-99.0
405,Lex Luthor,bad,Male,green,Human,No Hair,DC Comics,-,188.0,95.0
406,Light Lass,good,Female,blue,-,Red,DC Comics,-,165.0,54.0
407,Lightning Lad,good,Male,blue,-,Red,DC Comics,-,155.0,65.0
408,Lightning Lord,bad,Male,blue,-,Red,DC Comics,-,191.0,95.0
409,Living Brain,bad,-,yellow,-,-,Marvel Comics,-,198.0,360.0
410,Living Tribunal,neutral,-,blue,Cosmic Entity,No Hair,Marvel Comics,gold,-99.0,-99.0
411,Liz Sherman,good,Female,-,-,-,Dark Horse Comics,-,-99.0,-99.0
412,Lizard,bad,Male,red,Human,No Hair,Marvel Comics,-,203.0,230.0
413,Lobo,neutral,Male,red,Czarnian,Black,DC Comics,blue-white,229.0,288.0
414,Loki,bad,Male,green,Asgardian,Black,Marvel Comics,-,193.0,236.0
415,Longshot,good,Male,blue,Human,Blond,Marvel Comics,-,188.0,36.0
416,Luke Cage,good,Male,brown,Human,Black,Marvel Comics,-,198.0,191.0
417,Luke Campbell,bad,Male,-,-,-,NBC - Heroes,-,-99.0,-99.0
418,Luke Skywalker,good,Male,blue,Human,Blond,George Lucas,-,168.0,77.0
419,Luna,good,Female,-,Human,-,Marvel Comics,-,-99.0,-99.0
420,Lyja,good,Female,green,-,Green,Marvel Comics,-,-99.0,-99.0
421,Mach-IV,bad,Male,brown,-,Brown,Marvel Comics,-,180.0,79.0
422,Machine Man,good,-,red,-,Black,Marvel Comics,-,183.0,383.0
423,Magneto,bad,Male,grey,Mutant,White,Marvel Comics,-,188.0,86.0
424,Magog,good,Male,blue,-,Blond,DC Comics,-,-99.0,-99.0
425,Magus,bad,Male,black,-,-,Marvel Comics,-,183.0,-99.0
426,Man of Miracles,-,-,blue,God / Eternal,Silver,Image Comics,-,-99.0,-99.0
427,Man-Bat,neutral,Male,brown,Human,Brown,DC Comics,-,-99.0,-99.0
428,Man-Thing,good,Male,red,-,No Hair,Marvel Comics,green,213.0,225.0
429,Man-Wolf,good,Male,brown,-,Auburn,Marvel Comics,-,188.0,90.0
430,Mandarin,bad,Male,blue,Human,White,Marvel Comics,-,188.0,97.0
431,Mantis,good,Female,green,Human-Kree,Black,Marvel Comics,green,168.0,52.0
432,Martian Manhunter,good,Male,red,Martian,No Hair,DC Comics,green,201.0,135.0
433,Marvel Girl,good,Female,green,-,Red,Marvel Comics,-,170.0,56.0
434,Master Brood,good,Male,blue,-,Black,Team Epic TV,-,183.0,81.0
435,Master Chief,good,Male,brown,Human / Altered,Brown,Microsoft,-,213.0,-99.0
436,Match,bad,Male,black,-,Black,DC Comics,-,-99.0,-99.0
437,Matt Parkman,good,Male,-,-,-,NBC - Heroes,-,-99.0,-99.0
438,Maverick,good,Male,blue,-,Black,Marvel Comics,-,193.0,110.0
439,Maxima,bad,Female,brown,-,Red,DC Comics,-,180.0,72.0
440,Maya Herrera,good,Female,-,-,-,NBC - Heroes,-,-99.0,-99.0
441,Medusa,good,Female,green,Inhuman,Red,Marvel Comics,-,180.0,59.0
442,Meltdown,good,Female,blue,-,Blond,Marvel Comics,-,165.0,54.0
443,Mephisto,bad,Male,white,-,Black,Marvel Comics,-,198.0,140.0
444,Mera,good,Female,blue,Atlantean,Red,DC Comics,-,175.0,72.0
445,Metallo,bad,Male,green,Android,Brown,DC Comics,-,196.0,90.0
446,Metamorpho,good,Male,black,-,No Hair,DC Comics,-,185.0,90.0
447,Meteorite,good,Female,-,-,-,Marvel Comics,-,-99.0,-99.0
448,Metron,good,Male,blue,-,Black,DC Comics,-,185.0,86.0
449,Micah Sanders,good,Male,brown,-,Black,NBC - Heroes,-,-99.0,-99.0
450,Michelangelo,good,Male,blue,Mutant,-,IDW Publishing,green,-99.0,-99.0
451,Micro Lad,good,Male,grey,-,Brown,DC Comics,-,183.0,77.0
452,Mimic,good,Male,brown,-,Brown,Marvel Comics,-,188.0,101.0
453,Minna Murray,good,Female,-,-,-,Wildstorm,-,-99.0,-99.0
454,Misfit,good,Female,blue,-,Red,DC Comics,-,-99.0,-99.0
455,Miss Martian,good,Female,red,-,Red,DC Comics,-,178.0,61.0
456,Mister Fantastic,good,Male,brown,Human / Radiation,Brown,Marvel Comics,-,185.0,81.0
457,Mister Freeze,bad,Male,-,Human,-,DC Comics,-,183.0,86.0
458,Mister Knife,bad,Male,blue,Spartoi,Brown,Marvel Comics,-,-99.0,-99.0
459,Mister Mxyzptlk,bad,Male,-,God / Eternal,-,DC Comics,-,-99.0,-99.0
460,Mister Sinister,bad,Male,red,Human / Altered,Black,Marvel Comics,-,196.0,128.0
461,Mister Zsasz,bad,Male,blue,Human,Blond,DC Comics,-,-99.0,-99.0
462,Mockingbird,good,Female,blue,Human,Blond,Marvel Comics,-,175.0,61.0
463,MODOK,bad,Male,white,Cyborg,Brownn,Marvel Comics,-,366.0,338.0
464,Mogo,good,Male,-,Planet,-,DC Comics,-,-99.0,-99.0
465,Mohinder Suresh,good,Male,-,-,-,NBC - Heroes,-,-99.0,-99.0
466,Moloch,bad,Male,-,-,-,DC Comics,-,-99.0,-99.0
467,Molten Man,bad,Male,gold,-,Gold,Marvel Comics,-,196.0,248.0
468,Monarch,good,Male,blue,-,White,DC Comics,-,193.0,90.0
469,Monica Dawson,good,Female,-,-,-,NBC - Heroes,-,-99.0,-99.0
470,Moon Knight,good,Male,brown,Human,Brown,Marvel Comics,-,188.0,101.0
471,Moonstone,bad,Female,blue,-,Blond,Marvel Comics,-,180.0,59.0
472,Morlun,bad,Male,white / red,-,Black,Marvel Comics,-,188.0,79.0
473,Morph,good,Male,white,-,No Hair,Marvel Comics,-,178.0,79.0
474,Moses Magnum,bad,Male,brown,-,Black,Marvel Comics,-,175.0,72.0
475,Mr Immortal,good,Male,blue,Mutant,Blond,Marvel Comics,-,188.0,70.0
476,Mr Incredible,good,Male,blue,Human,Blond,Dark Horse Comics,-,201.0,158.0
477,Ms Marvel II,good,Female,blue,-,Red,Marvel Comics,-,173.0,61.0
478,Multiple Man,good,Male,blue,-,Brown,Marvel Comics,-,180.0,70.0
479,Mysterio,bad,Male,brown,Human,No Hair,Marvel Comics,-,180.0,79.0
480,Mystique,bad,Female,yellow (without irises),Mutant,Red / Orange,Marvel Comics,blue,178.0,54.0
481,Namor,good,Male,-,-,-,Marvel Comics,-,-99.0,-99.0
482,Namor,good,Male,grey,Atlantean,Black,Marvel Comics,-,188.0,125.0
483,Namora,good,Female,blue,-,Blond,Marvel Comics,-,180.0,85.0
484,Namorita,good,Female,blue,-,Blond,Marvel Comics,-,168.0,101.0
485,Naruto Uzumaki,good,Male,-,Human,-,Shueisha,-,168.0,54.0
486,Nathan Petrelli,good,Male,brown,-,-,NBC - Heroes,-,-99.0,-99.0
487,Nebula,bad,Female,blue,Luphomoid,No Hair,Marvel Comics,blue,185.0,83.0
488,Negasonic Teenage Warhead,good,Female,black,Mutant,Black,Marvel Comics,-,-99.0,-99.0
489,Nick Fury,good,Male,brown,Human,Brown / White,Marvel Comics,-,185.0,99.0
490,Nightcrawler,good,Male,yellow,-,Indigo,Marvel Comics,-,175.0,88.0
491,Nightwing,good,Male,blue,Human,Black,DC Comics,-,178.0,79.0
492,Niki Sanders,good,Female,blue,-,Blond,NBC - Heroes,-,-99.0,-99.0
493,Nina Theroux,good,Female,-,Alpha,-,SyFy,-,-99.0,-99.0
494,Nite Owl II,good,Male,-,-,-,DC Comics,-,-99.0,-99.0
495,Northstar,good,Male,blue,-,Black,Marvel Comics,-,180.0,83.0
496,Nova,good,Male,brown,Human,Brown,Marvel Comics,-,185.0,86.0
497,Nova,good,Female,white,Human / Cosmic,Red,Marvel Comics,gold,163.0,59.0
498,Odin,good,Male,blue,God / Eternal,White,Marvel Comics,-,206.0,293.0
499,Offspring,good,Male,-,-,-,DC Comics,-,-99.0,-99.0
500,Omega Red,bad,Male,red,-,Blond,Marvel Comics,-,211.0,191.0
501,Omniscient,good,Male,brown,-,Black,Team Epic TV,-,180.0,65.0
502,One Punch Man,good,Male,-,Human,No Hair,Shueisha,-,175.0,69.0
503,One-Above-All,neutral,-,-,Cosmic Entity,-,Marvel Comics,-,-99.0,-99.0
504,Onslaught,bad,Male,red,Mutant,No Hair,Marvel Comics,-,305.0,405.0
505,Oracle,good,Female,blue,Human,Red,DC Comics,-,178.0,59.0
506,Osiris,good,Male,brown,-,Brown,DC Comics,-,-99.0,-99.0
507,Overtkill,bad,Male,-,-,-,Image Comics,-,-99.0,-99.0
508,Ozymandias,bad,Male,blue,Human,Blond,DC Comics,-,-99.0,-99.0
509,Parademon,bad,-,-,Parademon,-,DC Comics,-,-99.0,-99.0
510,Paul Blart,good,Male,-,Human,-,Sony Pictures,-,170.0,117.0
511,Penance,good,-,-,-,-,Marvel Comics,-,-99.0,-99.0
512,Penance I,good,Female,-,-,-,Marvel Comics,-,-99.0,-99.0
513,Penance II,good,Male,blue,-,Blond,Marvel Comics,-,183.0,89.0
514,Penguin,bad,Male,blue,Human,Black,DC Comics,-,157.0,79.0
515,Peter Petrelli,good,Male,-,-,-,NBC - Heroes,-,-99.0,-99.0
516,Phantom,good,Male,-,-,-,DC Comics,-,-99.0,-99.0
517,Phantom Girl,good,Female,blue,-,Black,DC Comics,-,168.0,54.0
518,Phoenix,good,Female,green,Mutant,Red,Marvel Comics,-,168.0,52.0
519,Plantman,bad,Male,green,Mutant,Grey,Marvel Comics,-,183.0,87.0
520,Plastic Lad,good,Male,-,-,-,DC Comics,-,-99.0,-99.0
521,Plastic Man,good,Male,blue,Human,Black,DC Comics,-,185.0,80.0
522,Plastique,bad,Female,blue,-,Red,DC Comics,-,168.0,55.0
523,Poison Ivy,bad,Female,green,Human,Red,DC Comics,green,168.0,50.0
524,Polaris,good,Female,green,Mutant,Green,Marvel Comics,-,170.0,52.0
525,Power Girl,good,Female,blue,Kryptonian,blond,DC Comics,-,180.0,81.0
526,Power Man,good,Male,-,Mutant,-,Marvel Comics,-,-99.0,-99.0
527,Predator,bad,Male,-,Yautja,-,Dark Horse Comics,-,213.0,234.0
528,Professor X,good,Male,blue,Mutant,No Hair,Marvel Comics,-,183.0,86.0
529,Professor Zoom,bad,Male,blue,Human,Strawberry Blond,DC Comics,-,180.0,81.0
530,Proto-Goblin,bad,Male,green,-,Blond,Marvel Comics,-,-99.0,-99.0
531,Psylocke,good,Female,blue,Mutant,Purple,Marvel Comics,-,180.0,70.0
532,Punisher,good,Male,blue,Human,Black,Marvel Comics,-,183.0,90.0
533,Purple Man,bad,Male,purple,Human,Purple,Marvel Comics,purple,180.0,74.0
534,Pyro,bad,Male,blue,-,Blond,Marvel Comics,-,178.0,68.0
535,Q,-,Male,-,God / Eternal,-,Star Trek,-,-99.0,-99.0
536,Quantum,good,Male,-,-,-,HarperCollins,-,-99.0,-99.0
537,Question,good,Male,blue,Human,Blond,DC Comics,-,188.0,83.0
538,Quicksilver,good,Male,blue,Mutant,Silver,Marvel Comics,-,183.0,79.0
539,Quill,good,Male,brown,-,Brown,Marvel Comics,-,163.0,56.0
540,Ra's Al Ghul,bad,Male,green,Human,Grey,DC Comics,-,193.0,97.0
541,Rachel Pirzad,good,Female,-,Alpha,-,SyFy,-,-99.0,-99.0
542,Rambo,good,Male,brown,Human,Black,,-,178.0,83.0
543,Raphael,good,Male,-,Mutant,No Hair,IDW Publishing,green,-99.0,-99.0
544,Raven,neutral,Female,indigo,Human,Black,DC Comics,-,165.0,50.0
545,Ray,good,Male,green,Human,Red,DC Comics,-,178.0,70.0
546,Razor-Fist II,bad,Male,blue,-,No Hair,Marvel Comics,-,191.0,117.0
547,Red Arrow,good,Male,green,Human,Red,DC Comics,-,180.0,83.0
548,Red Hood,neutral,Male,blue,Human,Black,DC Comics,-,183.0,81.0
549,Red Hulk,neutral,Male,yellow,Human / Radiation,Black,Marvel Comics,red,213.0,630.0
550,Red Mist,bad,Male,-,-,-,Icon Comics,-,-99.0,-99.0
551,Red Robin,good,Male,blue,Human,Black,DC Comics,-,165.0,56.0
552,Red Skull,bad,Male,blue,-,No Hair,Marvel Comics,-,188.0,108.0
553,Red Tornado,good,Male,green,Android,No Hair,DC Comics,-,185.0,146.0
554,Redeemer II,bad,Male,-,-,-,Image Comics,-,-99.0,-99.0
555,Redeemer III,bad,Male,-,-,-,Image Comics,-,-99.0,-99.0
556,Renata Soliz,good,Female,-,-,-,HarperCollins,-,-99.0,-99.0
557,Rey,good,Female,hazel,Human,Brown,George Lucas,-,297.0,-99.0
558,Rhino,bad,Male,brown,Human / Radiation,Brown,Marvel Comics,-,196.0,320.0
559,Rick Flag,bad,Male,blue,-,Brown,DC Comics,-,185.0,85.0
560,Riddler,bad,Male,-,-,-,DC Comics,-,-99.0,-99.0
561,Rip Hunter,good,Male,blue,Human,Blond,DC Comics,-,-99.0,-99.0
562,Ripcord,good,Female,green,-,Black,Marvel Comics,-,180.0,72.0
563,Robin,good,Male,blue,Human,Black,DC Comics,-,178.0,79.0
564,Robin II,good,Male,blue,Human,Red,DC Comics,-,183.0,101.0
565,Robin III,good,Male,blue,Human,Black,DC Comics,-,165.0,56.0
566,Robin V,good,Male,blue,Human,Black,DC Comics,-,137.0,38.0
567,Robin VI,neutral,Female,green,Human,Red,DC Comics,-,-99.0,-99.0
568,Rocket Raccoon,good,Male,brown,Animal,Brown,Marvel Comics,-,122.0,25.0
569,Rogue,good,Female,green,-,Brown / White,Marvel Comics,-,173.0,54.0
570,Ronin,good,Male,blue,Human,Blond,Marvel Comics,-,191.0,104.0
571,Rorschach,good,Male,blue,Human,Red,DC Comics,-,168.0,63.0
572,Sabretooth,bad,Male,amber,Mutant,Blond,Marvel Comics,-,198.0,171.0
573,Sage,good,Female,blue,-,Black,Marvel Comics,-,170.0,61.0
574,Sandman,neutral,Male,brown,Human,Brown,Marvel Comics,-,185.0,203.0
575,Sasquatch,good,Male,red,-,Orange,Marvel Comics,-,305.0,900.0
576,Sauron,bad,Male,-,Maiar,-,J. R. R. Tolkien,-,279.0,-99.0
577,Savage Dragon,good,Male,-,-,-,Image Comics,-,-99.0,-99.0
578,Scarecrow,bad,Male,blue,Human,Brown,DC Comics,-,183.0,63.0
579,Scarlet Spider,good,Male,blue,Human,Blond,Marvel Comics,-,178.0,74.0
580,Scarlet Spider II,good,Male,brown,Clone,Brown,Marvel Comics,-,193.0,113.0
581,Scarlet Witch,bad,Female,blue,Mutant,Brown,Marvel Comics,-,170.0,59.0
582,Scorpia,bad,Female,green,-,Red,Marvel Comics,-,-99.0,-99.0
583,Scorpion,bad,Male,brown,Human,Brown,Marvel Comics,-,211.0,310.0
584,Sebastian Shaw,bad,Male,-,Mutant,-,Marvel Comics,-,-99.0,-99.0
585,Sentry,neutral,Male,blue,Mutant,Blond,Marvel Comics,-,188.0,87.0
586,Shadow King,good,-,red,-,-,Marvel Comics,-,185.0,149.0
587,Shadow Lass,good,Female,black,Talokite,Black,DC Comics,blue,173.0,54.0
588,Shadowcat,good,Female,hazel,Mutant,Brown,Marvel Comics,-,168.0,50.0
589,Shang-Chi,good,Male,brown,Human,Black,Marvel Comics,-,178.0,79.0
590,Shatterstar,good,Male,brown,-,Red,Marvel Comics,-,191.0,88.0
591,She-Hulk,good,Female,green,Human,Green,Marvel Comics,-,201.0,315.0
592,She-Thing,good,Female,blue,Human / Radiation,No Hair,Marvel Comics,-,183.0,153.0
593,Shocker,bad,Male,brown,Human,Brown,Marvel Comics,-,175.0,79.0
594,Shriek,good,Female,yellow / blue,-,Black,Marvel Comics,-,173.0,52.0
595,Shrinking Violet,good,Female,-,-,-,DC Comics,-,-99.0,-99.0
596,Sif,good,Female,blue,Asgardian,Black,Marvel Comics,-,188.0,191.0
597,Silk,good,Female,brown,Human,Black,Marvel Comics,-,-99.0,-99.0
598,Silk Spectre,good,Female,-,-,-,DC Comics,-,-99.0,-99.0
599,Silk Spectre II,good,Female,-,-,-,DC Comics,-,-99.0,-99.0
600,Silver Surfer,good,Male,white,Alien,No Hair,Marvel Comics,silver,193.0,101.0
601,Silverclaw,good,Female,brown,-,Black,Marvel Comics,-,157.0,50.0
602,Simon Baz,good,Male,bown,Human,Black,DC Comics,-,-99.0,-99.0
603,Sinestro,neutral,Male,black,Korugaran,Black,DC Comics,red,201.0,92.0
604,Siren,bad,Female,blue,Atlantean,Purple,DC Comics,-,175.0,72.0
605,Siren II,bad,Female,black,-,-,DC Comics,-,-99.0,-99.0
606,Siryn,bad,Female,blue,-,Strawberry Blond,Marvel Comics,-,168.0,52.0
607,Skaar,good,Male,green,-,Black,Marvel Comics,-,198.0,180.0
608,Snake-Eyes,bad,Male,-,Animal,-,Marvel Comics,-,-99.0,-99.0
609,Snowbird,good,Female,white,-,Blond,Marvel Comics,-,178.0,49.0
610,Sobek,good,Male,white,-,No Hair,DC Comics,-,-99.0,-99.0
611,Solomon Grundy,bad,Male,black,Zombie,White,DC Comics,-,279.0,437.0
612,Songbird,good,Female,green,-,Red / White,Marvel Comics,-,165.0,65.0
613,Space Ghost,good,Male,-,Human,-,DC Comics,-,188.0,113.0
614,Spawn,good,Male,brown,Demon,Black,Image Comics,-,211.0,405.0
615,Spectre,good,Male,white,God / Eternal,No Hair,DC Comics,white,-99.0,-99.0
616,Speedball,good,Male,-,-,-,Marvel Comics,-,-99.0,-99.0
617,Speedy,good,Male,-,Human,-,DC Comics,-,-99.0,-99.0
618,Speedy,good,Female,green,Human,Brown,DC Comics,-,-99.0,-99.0
619,Spider-Carnage,bad,Male,-,Symbiote,-,Marvel Comics,-,-99.0,-99.0
620,Spider-Girl,good,Female,blue,Human,Brown,Marvel Comics,-,170.0,54.0
621,Spider-Gwen,good,Female,blue,Human,Blond,Marvel Comics,-,165.0,56.0
622,Spider-Man,good,Male,hazel,Human,Brown,Marvel Comics,-,178.0,74.0
623,Spider-Man,good,-,red,Human,Brown,Marvel Comics,-,178.0,77.0
624,Spider-Man,good,Male,brown,Human,Black,Marvel Comics,-,157.0,56.0
625,Spider-Woman,good,Female,green,Human,Black,Marvel Comics,-,178.0,59.0
626,Spider-Woman II,good,Female,-,-,-,Marvel Comics,-,-99.0,-99.0
627,Spider-Woman III,good,Female,brown,-,Brown,Marvel Comics,-,173.0,55.0
628,Spider-Woman IV,bad,Female,red,-,White,Marvel Comics,-,178.0,58.0
629,Spock,good,Male,brown,Human-Vulcan,Black,Star Trek,-,185.0,81.0
630,Spyke,good,Male,brown,Mutant,Blond,Marvel Comics,-,183.0,83.0
631,Stacy X,good,Female,-,-,-,Marvel Comics,-,-99.0,-99.0
632,Star-Lord,good,Male,blue,Human-Spartoi,Blond,Marvel Comics,-,188.0,79.0
633,Stardust,good,Male,-,-,-,Marvel Comics,-,-99.0,-99.0
634,Starfire,good,Female,green,Tamaranean,Auburn,DC Comics,orange,193.0,71.0
635,Stargirl,good,Female,blue,Human,Blond,DC Comics,-,165.0,62.0
636,Static,good,Male,brown,Mutant,Black,DC Comics,-,170.0,63.0
637,Steel,good,Male,brown,-,No Hair,DC Comics,-,201.0,131.0
638,Stephanie Powell,good,Female,-,-,Blond,ABC Studios,-,-99.0,-99.0
639,Steppenwolf,bad,Male,red,New God,Black,DC Comics,white,183.0,91.0
640,Storm,good,Female,blue,Mutant,White,Marvel Comics,-,180.0,57.0
641,Stormtrooper,bad,Male,-,Human,-,George Lucas,-,183.0,-99.0
642,Sunspot,good,Male,brown,Mutant,black,Marvel Comics,-,173.0,77.0
643,Superboy,good,Male,blue,-,Black,DC Comics,-,170.0,68.0
644,Superboy-Prime,bad,Male,blue,Kryptonian,Black / Blue,DC Comics,-,180.0,77.0
645,Supergirl,good,Female,blue,Kryptonian,Blond,DC Comics,-,165.0,54.0
646,Superman,good,Male,blue,Kryptonian,Black,DC Comics,-,191.0,101.0
647,Swamp Thing,bad,Male,red,God / Eternal,No Hair,DC Comics,green,-99.0,-99.0
648,Swarm,bad,Male,yellow,Mutant,No Hair,Marvel Comics,yellow,196.0,47.0
649,Sylar,bad,Male,-,-,-,NBC - Heroes,-,-99.0,-99.0
650,Synch,good,Male,brown,-,Black,Marvel Comics,-,180.0,74.0
651,T-1000,bad,Male,-,Android,-,Dark Horse Comics,silver,183.0,146.0
652,T-800,bad,Male,red,Cyborg,-,Dark Horse Comics,-,-99.0,176.0
653,T-850,bad,Male,red,Cyborg,-,Dark Horse Comics,-,-99.0,198.0
654,T-X,bad,Female,-,Cyborg,-,Dark Horse Comics,silver,-99.0,149.0
655,Taskmaster,bad,Male,brown,Human,Brown,Marvel Comics,-,188.0,99.0
656,Tempest,good,Female,brown,-,Black,Marvel Comics,-,163.0,54.0
657,Thanos,bad,Male,red,Eternal,No Hair,Marvel Comics,purple,201.0,443.0
658,The Cape,good,Male,-,-,-,,-,-99.0,-99.0
659,The Comedian,neutral,Male,brown,Human,Black,DC Comics,-,188.0,101.0
660,Thing,good,Male,blue,Human / Radiation,No Hair,Marvel Comics,-,183.0,225.0
661,Thor,good,Male,blue,Asgardian,Blond,Marvel Comics,-,198.0,288.0
662,Thor Girl,good,Female,blue,Asgardian,Blond,Marvel Comics,-,175.0,143.0
663,Thunderbird,good,Male,brown,-,Black,Marvel Comics,-,185.0,101.0
664,Thunderbird II,good,Male,-,-,-,Marvel Comics,-,-99.0,-99.0
665,Thunderbird III,good,Male,brown,-,Black,Marvel Comics,-,175.0,74.0
666,Thunderstrike,good,Male,blue,-,Blond,Marvel Comics,-,198.0,288.0
667,Thundra,good,Female,green,-,Red,Marvel Comics,-,218.0,158.0
668,Tiger Shark,bad,Male,grey,Human,No Hair,Marvel Comics,grey,185.0,203.0
669,Tigra,good,Female,green,-,Auburn,Marvel Comics,-,178.0,81.0
670,Tinkerer,bad,Male,brown,-,White,Marvel Comics,-,163.0,54.0
671,Titan,good,Male,-,-,-,HarperCollins,-,-99.0,-99.0
672,Toad,neutral,Male,black,Mutant,Brown,Marvel Comics,green,175.0,76.0
673,Toxin,good,Male,blue,Symbiote,Brown,Marvel Comics,-,188.0,97.0
674,Toxin,good,Male,black,Symbiote,Blond,Marvel Comics,-,191.0,117.0
675,Tracy Strauss,good,Female,-,-,-,NBC - Heroes,-,-99.0,-99.0
676,Trickster,-,Male,blue,Human,Blond,DC Comics,-,183.0,81.0
677,Trigon,bad,Male,yellow,God / Eternal,Black,DC Comics,red,-99.0,-99.0
678,Triplicate Girl,good,Female,purple,-,Brown,DC Comics,-,168.0,59.0
679,Triton,good,Male,green,Inhuman,No Hair,Marvel Comics,green,188.0,86.0
680,Two-Face,bad,Male,-,-,-,DC Comics,-,183.0,82.0
681,Ultragirl,good,Female,blue,-,Blond,Marvel Comics,-,168.0,105.0
682,Ultron,bad,Male,red,Android,-,Marvel Comics,silver,206.0,331.0
683,Utgard-Loki,bad,Male,blue,Frost Giant,White,Marvel Comics,-,15.2,58.0
684,Vagabond,good,Female,blue,-,Strawberry Blond,Marvel Comics,-,168.0,54.0
685,Valerie Hart,good,Female,hazel,-,Black,Team Epic TV,-,175.0,56.0
686,Valkyrie,good,Female,blue,-,Blond,Marvel Comics,-,191.0,214.0
687,Vanisher,bad,Male,green,-,No Hair,Marvel Comics,-,165.0,79.0
688,Vegeta,bad,Male,-,Saiyan,Black,Shueisha,-,168.0,73.0
689,Venom,bad,Male,blue,Symbiote,Strawberry Blond,Marvel Comics,-,191.0,117.0
690,Venom II,bad,Male,brown,-,Black,Marvel Comics,-,175.0,50.0
691,Venom III,bad,Male,brown,Symbiote,Brown,Marvel Comics,-,229.0,334.0
692,Venompool,-,Male,-,Symbiote,-,Marvel Comics,-,226.0,-99.0
693,Vertigo II,good,Female,blue,-,Silver,Marvel Comics,-,168.0,52.0
694,Vibe,good,Male,brown,Human,Black,DC Comics,-,178.0,71.0
695,Vindicator,good,Female,green,Human,Red,Marvel Comics,-,165.0,54.0
696,Vindicator,good,Male,-,-,-,Marvel Comics,-,-99.0,-99.0
697,Violator,bad,Male,-,-,-,Image Comics,-,-99.0,-99.0
698,Violet Parr,good,Female,violet,Human,Black,Dark Horse Comics,-,137.0,41.0
699,Vision,good,Male,gold,Android,No Hair,Marvel Comics,red,191.0,135.0
700,Vision II,good,-,red,-,No Hair,Marvel Comics,-,191.0,135.0
701,Vixen,good,Female,amber,Human,Black,DC Comics,-,175.0,63.0
702,Vulcan,good,Male,black,-,Black,Marvel Comics,-,-99.0,-99.0
703,Vulture,bad,Male,brown,Human,No Hair,Marvel Comics,-,180.0,79.0
704,Walrus,bad,Male,blue,Human,Black,Marvel Comics,-,183.0,162.0
705,War Machine,good,Male,brown,Human,Brown,Marvel Comics,-,185.0,95.0
706,Warbird,good,Female,blue,-,Blond,Marvel Comics,-,180.0,54.0
707,Warlock,good,Male,red,-,Blond,Marvel Comics,-,188.0,108.0
708,Warp,bad,Male,brown,-,Black,DC Comics,-,173.0,67.0
709,Warpath,good,Male,brown,Mutant,Black,Marvel Comics,-,218.0,158.0
710,Wasp,good,Female,blue,Human,Auburn,Marvel Comics,-,163.0,50.0
711,Watcher,good,Male,-,-,-,Marvel Comics,-,-99.0,-99.0
712,Weapon XI,bad,Male,-,-,-,Marvel Comics,-,-99.0,-99.0
713,White Canary,bad,Female,brown,Human,Black,DC Comics,-,-99.0,-99.0
714,White Queen,good,Female,blue,-,Blond,Marvel Comics,-,178.0,65.0
715,Wildfire,good,Male,-,-,-,DC Comics,-,-99.0,-99.0
716,Winter Soldier,good,Male,brown,Human,Brown,Marvel Comics,-,175.0,117.0
717,Wiz Kid,good,-,brown,-,Black,Marvel Comics,-,140.0,39.0
718,Wolfsbane,good,Female,green,-,Auburn,Marvel Comics,-,366.0,473.0
719,Wolverine,good,Male,blue,Mutant,Black,Marvel Comics,-,160.0,135.0
720,Wonder Girl,good,Female,blue,Demi-God,Blond,DC Comics,-,165.0,51.0
721,Wonder Man,good,Male,red,-,Black,Marvel Comics,-,188.0,171.0
722,Wonder Woman,good,Female,blue,Amazon,Black,DC Comics,-,183.0,74.0
723,Wondra,good,Female,-,-,-,Marvel Comics,-,-99.0,-99.0
724,Wyatt Wingfoot,good,Male,brown,-,Black,Marvel Comics,-,196.0,117.0
725,X-23,good,Female,green,Mutant / Clone,Black,Marvel Comics,-,155.0,50.0
726,X-Man,good,Male,blue,-,Brown,Marvel Comics,-,175.0,61.0
727,Yellow Claw,bad,Male,blue,-,No Hair,Marvel Comics,-,188.0,95.0
728,Yellowjacket,good,Male,blue,Human,Blond,Marvel Comics,-,183.0,83.0
729,Yellowjacket II,good,Female,blue,Human,Strawberry Blond,Marvel Comics,-,165.0,52.0
730,Ymir,good,Male,white,Frost Giant,No Hair,Marvel Comics,white,304.8,-99.0
731,Yoda,good,Male,brown,Yoda's species,White,George Lucas,green,66.0,17.0
732,Zatanna,good,Female,blue,Human,Black,DC Comics,-,170.0,57.0
733,Zoom,bad,Male,red,-,Brown,DC Comics,-,185.0,81.0
