Nombre,Alineamiento,Genero,Raza,Editorial,Color de piel,Altura,Peso,Categoria_Peso
A-Bomb,good,Male,Human,Marvel Comics,-,203.0,441.0,Pesados
Abe Sapien,good,Male,Icthyo Sapien,Dark Horse Comics,blue,191.0,65.0,Livianos
Abin Sur,good,Male,Ungaran,DC Comics,red,185.0,90.0,Livianos
Abomination,bad,Male,Human / Radiation,Marvel Comics,-,203.0,441.0,Pesados
Abraxas,bad,Male,Cosmic Entity,Marvel Comics,-,-99.0,-99.0,
Absorbing Man,bad,Male,Human,Marvel Comics,-,193.0,122.0,Livianos
Adam Monroe,good,Male,Human,NBC - Heroes,-,183.0,-99.0,
Adam Strange,good,Male,Human,DC Comics,-,185.0,88.0,Livianos
Agent 13,good,Female,-,Marvel Comics,-,173.0,61.0,Livianos
Agent Bob,good,Male,Human,Marvel Comics,-,178.0,81.0,Livianos
Agent Zero,good,Male,-,Marvel Comics,-,191.0,104.0,Livianos
Air-Walker,bad,Male,-,Marvel Comics,-,188.0,108.0,Livianos
Ajax,bad,Male,Cyborg,Marvel Comics,-,193.0,90.0,Livianos
Alan Scott,good,Male,-,DC Comics,-,180.0,90.0,Livianos
Alex Mercer,bad,Male,Human,Wildstorm,-,178.0,73.0,Livianos
Alex Woolsly,good,Male,-,NBC - Heroes,-,-99.0,-99.0,
Alfred Pennyworth,good,Male,Human,DC Comics,-,178.0,72.0,Livianos
Alien,bad,Male,Xenomorph XX121,Dark Horse Comics,black,244.0,169.0,Pesados
Allan Quatermain,good,Male,-,Wildstorm,-,-99.0,-99.0,
Amazo,bad,Male,Android,DC Comics,-,257.0,173.0,Pesados
Ammo,bad,Male,Human,Marvel Comics,-,188.0,101.0,Livianos
Ando Masahashi,good,Male,Human,NBC - Heroes,-,-99.0,-99.0,
Angel,good,Male,-,Marvel Comics,-,183.0,68.0,Livianos
Angel,good,Male,Vampire,Dark Horse Comics,-,-99.0,-99.0,
Angel Dust,good,Female,Mutant,Marvel Comics,-,165.0,57.0,Livianos
Angel Salvadore,good,Female,-,Marvel Comics,-,163.0,54.0,Livianos
Angela,bad,Female,-,Image Comics,-,-99.0,-99.0,
Animal Man,good,Male,Human,DC Comics,-,183.0,83.0,Livianos
Annihilus,bad,Male,-,Marvel Comics,-,180.0,90.0,Livianos
Ant-Man,good,Male,Human,Marvel Comics,-,211.0,122.0,Livianos
Ant-Man II,good,Male,Human,Marvel Comics,-,183.0,86.0,Livianos
Anti-Monitor,bad,Male,God / Eternal,DC Comics,-,61.0,-99.0,
Anti-Spawn,bad,Male,-,Image Comics,-,-99.0,-99.0,
Anti-Venom,-,Male,Symbiote,Marvel Comics,-,229.0,358.0,Pesados
Apocalypse,bad,Male,Mutant,Marvel Comics,grey,213.0,135.0,Livianos
Aquababy,good,Male,-,DC Comics,-,-99.0,-99.0,
Aqualad,good,Male,Atlantean,DC Comics,-,178.0,106.0,Livianos
Aquaman,good,Male,Atlantean,DC Comics,-,185.0,146.0,Livianos
Arachne,good,Female,Human,Marvel Comics,-,175.0,63.0,Livianos
Archangel,good,Male,Mutant,Marvel Comics,blue,183.0,68.0,Livianos
Arclight,bad,Female,-,Marvel Comics,-,173.0,57.0,Livianos
Ardina,good,Female,Alien,Marvel Comics,gold,193.0,98.0,Livianos
Ares,good,Male,-,Marvel Comics,-,185.0,270.0,Pesados
Ariel,good,Female,-,Marvel Comics,-,165.0,59.0,Livianos
Armor,good,Female,-,Marvel Comics,-,163.0,50.0,Livianos
Arsenal,good,Male,Human,DC Comics,-,180.0,84.0,Livianos
Atlas,good,Male,Mutant,Marvel Comics,-,183.0,101.0,Livianos
Atlas,bad,Male,God / Eternal,DC Comics,-,198.0,126.0,Livianos
Atom,good,Male,-,DC Comics,-,178.0,68.0,Livianos
Atom,good,Male,-,DC Comics,-,183.0,82.0,Livianos
Atom Girl,good,Female,-,DC Comics,-,168.0,54.0,Livianos
Atom II,good,Male,Human,DC Comics,-,183.0,81.0,Livianos
Atom III,good,Male,-,DC Comics,-,-99.0,-99.0,
Atom IV,good,Male,-,DC Comics,-,-99.0,72.0,Livianos
Aurora,good,Female,Mutant,Marvel Comics,-,180.0,63.0,Livianos
Azazel,bad,Male,Neyaphem,Marvel Comics,red,183.0,67.0,Livianos
Azrael,good,Male,Human,DC Comics,-,-99.0,-99.0,
Aztar,good,Male,-,DC Comics,-,186.0,83.0,Livianos
Bane,bad,Male,Human,DC Comics,-,203.0,180.0,Pesados
Banshee,good,Male,Human,Marvel Comics,-,183.0,77.0,Livianos
Bantam,good,Male,-,Marvel Comics,-,165.0,54.0,Livianos
Batgirl,good,Female,-,DC Comics,-,170.0,57.0,Livianos
Batgirl,good,Female,Human,DC Comics,-,170.0,57.0,Livianos
Batgirl III,good,Female,-,DC Comics,-,-99.0,-99.0,
Batgirl IV,good,Female,Human,DC Comics,-,165.0,52.0,Livianos
Batgirl V,good,Female,-,DC Comics,-,-99.0,-99.0,
Batgirl VI,good,Female,-,DC Comics,-,168.0,61.0,Livianos
Batman,good,Male,Human,DC Comics,-,188.0,95.0,Livianos
Batman,good,Male,Human,DC Comics,-,178.0,77.0,Livianos
Batman II,good,Male,Human,DC Comics,-,178.0,79.0,Livianos
Battlestar,good,Male,-,Marvel Comics,-,198.0,133.0,Livianos
Batwoman V,good,Female,Human,DC Comics,-,178.0,-99.0,
Beak,good,Male,-,Marvel Comics,-,175.0,63.0,Livianos
Beast,good,Male,Mutant,Marvel Comics,blue,180.0,181.0,Pesados
Beast Boy,good,Male,Human,DC Comics,green,173.0,68.0,Livianos
Beetle,bad,Male,-,Marvel Comics,-,180.0,79.0,Livianos
Ben 10,good,Male,-,DC Comics,-,165.0,45.0,Livianos
Beta Ray Bill,good,Male,-,Marvel Comics,-,201.0,216.0,Pesados
Beyonder,good,Male,God / Eternal,Marvel Comics,-,-99.0,-99.0,
Big Barda,bad,Female,New God,DC Comics,-,188.0,135.0,Livianos
Big Daddy,good,Male,-,Icon Comics,-,-99.0,-99.0,
Big Man,bad,Male,-,Marvel Comics,-,165.0,71.0,Livianos
Bill Harken,good,Male,Alpha,SyFy,-,-99.0,-99.0,
Billy Kincaid,bad,Male,-,Image Comics,-,-99.0,-99.0,
Binary,good,Female,-,Marvel Comics,-,180.0,54.0,Livianos
Bird-Brain,good,Male,-,Marvel Comics,-,183.0,57.0,Livianos
Bird-Man,bad,Male,Human,Marvel Comics,-,168.0,81.0,Livianos
Bird-Man II,bad,Male,Human,Marvel Comics,-,-99.0,-99.0,
Birdman,good,Male,God / Eternal,Hanna-Barbera,-,-99.0,-99.0,
Bishop,good,Male,Mutant,Marvel Comics,-,198.0,124.0,Livianos
Bizarro,neutral,Male,Bizarro,DC Comics,white,191.0,155.0,Livianos
Black Abbott,bad,Male,-,Marvel Comics,-,-99.0,-99.0,
Black Adam,bad,Male,-,DC Comics,-,191.0,113.0,Livianos
Black Bolt,good,Male,Inhuman,Marvel Comics,-,188.0,95.0,Livianos
Black Canary,good,Female,Human,DC Comics,-,165.0,58.0,Livianos
Black Canary,good,Female,Metahuman,DC Comics,-,170.0,59.0,Livianos
Black Cat,good,Female,Human,Marvel Comics,-,178.0,54.0,Livianos
Black Flash,neutral,Male,God / Eternal,DC Comics,-,-99.0,-99.0,
Black Goliath,good,Male,-,Marvel Comics,-,-99.0,91.0,Livianos
Black Knight III,good,Male,Human,Marvel Comics,-,183.0,86.0,Livianos
Black Lightning,good,Male,-,DC Comics,-,185.0,90.0,Livianos
Black Mamba,bad,Female,-,Marvel Comics,-,170.0,52.0,Livianos
Black Manta,bad,Male,Human,DC Comics,-,188.0,92.0,Livianos
Black Panther,good,Male,Human,Marvel Comics,-,183.0,90.0,Livianos
Black Widow,good,Female,Human,Marvel Comics,-,170.0,59.0,Livianos
Black Widow II,good,Female,-,Marvel Comics,-,170.0,61.0,Livianos
Blackout,bad,Male,Demon,Marvel Comics,white,191.0,104.0,Livianos
Blackwing,bad,Male,-,Marvel Comics,-,185.0,86.0,Livianos
Blackwulf,-,Male,Alien,Marvel Comics,-,188.0,88.0,Livianos
Blade,good,Male,Vampire,Marvel Comics,-,188.0,97.0,Livianos
Blaquesmith,good,-,-,Marvel Comics,-,160.0,48.0,Livianos
Bling!,good,Female,-,Marvel Comics,-,168.0,68.0,Livianos
Blink,good,Female,Mutant,Marvel Comics,pink,165.0,56.0,Livianos
Blizzard,bad,Male,-,Marvel Comics,-,173.0,69.0,Livianos
Blizzard,bad,Male,-,Marvel Comics,-,173.0,69.0,Livianos
Blizzard II,bad,Male,-,Marvel Comics,-,175.0,77.0,Livianos
Blob,bad,Male,-,Marvel Comics,-,178.0,230.0,Pesados
Bloodaxe,bad,Female,Human,Marvel Comics,-,218.0,495.0,Pesados
Bloodhawk,good,Male,Mutant,Marvel Comics,-,-99.0,-99.0,
Bloodwraith,bad,Male,-,Marvel Comics,-,31.0,72.0,Livianos
Blue Beetle,good,Male,-,DC Comics,-,-99.0,-99.0,
Blue Beetle,good,Male,-,DC Comics,-,-99.0,-99.0,
Blue Beetle II,good,Male,-,DC Comics,-,183.0,86.0,Livianos
Blue Beetle III,good,Male,Human,DC Comics,-,-99.0,-99.0,
Boba Fett,bad,Male,Human / Clone,George Lucas,-,183.0,-99.0,
Bolt,good,Male,-,Marvel Comics,-,188.0,99.0,Livianos
Bomb Queen,bad,Female,-,Image Comics,-,-99.0,-99.0,
Boom-Boom,good,Female,Mutant,Marvel Comics,-,165.0,55.0,Livianos
Boomer,good,Female,-,Marvel Comics,-,163.0,55.0,Livianos
Booster Gold,good,Male,Human,DC Comics,-,196.0,97.0,Livianos
Box,good,Male,-,Marvel Comics,-,-99.0,-99.0,
Box III,good,-,-,Marvel Comics,-,193.0,110.0,Livianos
Box IV,good,-,-,Marvel Comics,-,-99.0,-99.0,
Brainiac,bad,Male,Android,DC Comics,green,198.0,135.0,Livianos
Brainiac 5,good,Male,-,DC Comics,-,170.0,61.0,Livianos
Brother Voodoo,good,Male,Human,Marvel Comics,-,183.0,99.0,Livianos
Buffy,good,Female,Human,Dark Horse Comics,-,157.0,52.0,Livianos
Bullseye,bad,Male,Human,Marvel Comics,-,183.0,90.0,Livianos
Bumblebee,good,Female,Human,DC Comics,-,170.0,59.0,Livianos
Bumbleboy,good,Male,-,Marvel Comics,-,-99.0,-99.0,
Bushido,good,Male,Human,DC Comics,-,-99.0,-99.0,
Cable,good,Male,Mutant,Marvel Comics,-,203.0,158.0,Livianos
Callisto,bad,Female,-,Marvel Comics,-,175.0,74.0,Livianos
Cameron Hicks,good,Male,Alpha,SyFy,-,187.0,75.0,Livianos
Cannonball,good,Male,-,Marvel Comics,-,183.0,81.0,Livianos
Captain America,good,Male,Human,Marvel Comics,-,188.0,108.0,Livianos
Captain Atom,good,Male,Human / Radiation,DC Comics,silver,193.0,90.0,Livianos
Captain Britain,good,Male,Human,Marvel Comics,-,198.0,116.0,Livianos
Captain Cold,neutral,Male,Human,DC Comics,-,188.0,89.0,Livianos
Captain Epic,good,Male,-,Team Epic TV,-,188.0,-99.0,
Captain Hindsight,good,Male,Human,South Park,-,-99.0,-99.0,
Captain Mar-vell,good,Male,-,Marvel Comics,-,188.0,108.0,Livianos
Captain Marvel,good,Female,Human-Kree,Marvel Comics,-,180.0,74.0,Livianos
Captain Marvel,good,Male,Human,DC Comics,-,193.0,101.0,Livianos
Captain Marvel II,good,Male,Human,DC Comics,-,175.0,74.0,Livianos
Captain Midnight,good,Male,Human,Dark Horse Comics,-,-99.0,-99.0,
Captain Planet,good,Male,God / Eternal,Marvel Comics,-,-99.0,-99.0,
Captain Universe,good,-,God / Eternal,Marvel Comics,-,-99.0,-99.0,
Carnage,bad,Male,Symbiote,Marvel Comics,-,185.0,86.0,Livianos
Cat,good,Female,-,Marvel Comics,-,173.0,61.0,Livianos
Cat II,good,Female,-,Marvel Comics,-,165.0,54.0,Livianos
Catwoman,good,Female,Human,DC Comics,-,175.0,61.0,Livianos
Cecilia Reyes,good,-,-,Marvel Comics,-,170.0,62.0,Livianos
Century,good,Male,Alien,Marvel Comics,grey,201.0,97.0,Livianos
Cerebra,good,Female,Mutant,Marvel Comics,-,-99.0,-99.0,
Chamber,good,Male,Mutant,Marvel Comics,-,175.0,63.0,Livianos
Chameleon,bad,Male,-,DC Comics,-,175.0,61.0,Livianos
Changeling,bad,Male,-,Marvel Comics,-,180.0,81.0,Livianos
Cheetah,bad,Female,Human,DC Comics,-,163.0,50.0,Livianos
Cheetah II,bad,Female,Human,DC Comics,-,170.0,55.0,Livianos
Cheetah III,bad,Female,Human,DC Comics,-,175.0,54.0,Livianos
Chromos,bad,Male,-,Team Epic TV,-,185.0,86.0,Livianos
Citizen Steel,good,Male,Human,DC Comics,-,183.0,170.0,Pesados
Claire Bennet,good,Female,-,NBC - Heroes,-,155.0,50.0,Livianos
Clea,good,Female,-,Marvel Comics,-,173.0,86.0,Livianos
Cloak,good,Male,-,Marvel Comics,-,226.0,70.0,Livianos
Clock King,bad,Male,Human,DC Comics,-,178.0,78.0,Livianos
Cogliostro,bad,Male,-,Image Comics,-,177.0,86.0,Livianos
Colin Wagner,good,Male,-,HarperCollins,-,-99.0,-99.0,
Colossal Boy,good,Male,-,DC Comics,-,177.0,91.0,Livianos
Colossus,good,Male,Mutant,Marvel Comics,-,226.0,225.0,Pesados
Copycat,neutral,Female,Mutant,Marvel Comics,blue,183.0,67.0,Livianos
Corsair,good,Male,-,Marvel Comics,-,191.0,79.0,Livianos
Cottonmouth,bad,Male,Human,Marvel Comics,-,183.0,99.0,Livianos
Crimson Crusader,good,Male,-,Marvel Comics,-,-99.0,-99.0,
Crimson Dynamo,good,Male,-,Marvel Comics,-,180.0,104.0,Livianos
Crystal,good,Female,Inhuman,Marvel Comics,-,168.0,50.0,Livianos
Curse,bad,Male,-,Image Comics,-,-99.0,-99.0,
Cy-Gor,bad,Male,-,Image Comics,-,-99.0,-99.0,
Cyborg,good,Male,Cyborg,DC Comics,-,198.0,173.0,Pesados
Cyborg Superman,bad,Male,Cyborg,DC Comics,-,190.0,90.0,Livianos
Cyclops,good,Male,Mutant,Marvel Comics,-,191.0,88.0,Livianos
Cypher,good,-,-,Marvel Comics,-,175.0,68.0,Livianos
Dagger,good,Female,-,Marvel Comics,-,165.0,52.0,Livianos
Danny Cooper,good,Male,-,HarperCollins,-,-99.0,-99.0,
Daphne Powell,good,Female,-,ABC Studios,-,-99.0,-99.0,
Daredevil,good,Male,Human,Marvel Comics,-,183.0,90.0,Livianos
Darkhawk,good,Male,Human,Marvel Comics,-,185.0,81.0,Livianos
Darkman,good,Male,-,Universal Studios,-,-99.0,-99.0,
Darkseid,bad,Male,New God,DC Comics,grey,267.0,817.0,Pesados
Darkstar,good,Female,Mutant,Marvel Comics,-,168.0,56.0,Livianos
Darth Maul,bad,Male,Dathomirian Zabrak,George Lucas,red / black,170.0,-99.0,
Darth Vader,bad,Male,Cyborg,George Lucas,-,198.0,135.0,Livianos
Dash,good,Male,Human,Dark Horse Comics,-,122.0,27.0,Livianos
Data,good,Male,Android,Star Trek,-,177.0,-99.0,
Dazzler,good,Female,Mutant,Marvel Comics,-,173.0,52.0,Livianos
Deadman,good,Male,Human,DC Comics,-,183.0,90.0,Livianos
Deadpool,neutral,Male,Mutant,Marvel Comics,-,188.0,95.0,Livianos
Deadshot,bad,Male,Human,DC Comics,-,185.0,91.0,Livianos
Deathlok,good,Male,Cyborg,Marvel Comics,-,193.0,178.0,Pesados
Deathstroke,neutral,Male,Human,DC Comics,-,193.0,101.0,Livianos
Demogoblin,bad,Male,Demon,Marvel Comics,-,185.0,95.0,Livianos
Destroyer,bad,Male,-,Marvel Comics,-,188.0,383.0,Pesados
Diamondback,bad,Male,Human,Marvel Comics,-,193.0,90.0,Livianos
DL Hawkins,good,Male,-,NBC - Heroes,-,-99.0,-99.0,
Doc Samson,good,Male,Human / Radiation,Marvel Comics,-,198.0,171.0,Pesados
Doctor Doom,bad,Male,Human,Marvel Comics,-,201.0,187.0,Pesados
Doctor Doom II,bad,Male,-,Marvel Comics,-,201.0,132.0,Livianos
Doctor Fate,good,Male,Human,DC Comics,-,188.0,89.0,Livianos
Doctor Octopus,bad,Male,Human,Marvel Comics,-,175.0,110.0,Livianos
Doctor Strange,good,Male,Human,Marvel Comics,-,188.0,81.0,Livianos
Domino,good,Female,Human,Marvel Comics,white,173.0,54.0,Livianos
Donatello,good,Male,Mutant,IDW Publishing,green,157.0,82.0,Livianos
Donna Troy,good,Female,Amazon,DC Comics,-,175.0,63.0,Livianos
Doomsday,bad,Male,Alien,DC Comics,-,244.0,412.0,Pesados
Doppelganger,bad,Male,-,Marvel Comics,-,196.0,104.0,Livianos
Dormammu,bad,Male,-,Marvel Comics,-,185.0,-99.0,
Dr Manhattan,good,Male,Human / Cosmic,DC Comics,blue,195.0,-99.0,
Drax the Destroyer,good,Male,Human / Altered,Marvel Comics,green,193.0,306.0,Pesados
Ego,bad,-,-,Marvel Comics,-,-99.0,-99.0,
Elastigirl,good,Female,Human,Dark Horse Comics,-,168.0,56.0,Livianos
Electro,bad,Male,Human,Marvel Comics,-,180.0,74.0,Livianos
Elektra,good,Female,Human,Marvel Comics,-,175.0,59.0,Livianos
Elle Bishop,bad,Female,-,NBC - Heroes,-,166.0,52.0,Livianos
Elongated Man,good,Male,-,DC Comics,-,185.0,80.0,Livianos
Emma Frost,good,Female,-,Marvel Comics,-,178.0,65.0,Livianos
Enchantress,good,Female,Human,DC Comics,-,168.0,57.0,Livianos
Energy,good,Female,-,HarperCollins,-,-99.0,-99.0,
ERG-1,good,Male,-,DC Comics,-,-99.0,-99.0,
Etrigan,neutral,Male,Demon,DC Comics,yellow,193.0,203.0,Pesados
Evil Deadpool,bad,Male,Mutant,Marvel Comics,-,188.0,95.0,Livianos
Evilhawk,bad,Male,Alien,Marvel Comics,green,191.0,106.0,Livianos
Exodus,bad,Male,Mutant,Marvel Comics,red,183.0,88.0,Livianos
Fabian Cortez,bad,-,-,Marvel Comics,-,196.0,96.0,Livianos
Falcon,good,Male,Human,Marvel Comics,-,188.0,108.0,Livianos
Fallen One II,bad,Male,-,Marvel Comics,-,-99.0,-99.0,
Faora,bad,Female,Kryptonian,DC Comics,-,177.0,57.0,Livianos
Feral,good,-,-,Marvel Comics,-,175.0,50.0,Livianos
Fighting Spirit,good,Female,-,DC Comics,-,-99.0,-99.0,
Fin Fang Foom,good,Male,Kakarantharaian,Marvel Comics,green,975.0,18.0,Livianos
Firebird,good,Female,-,Marvel Comics,-,165.0,56.0,Livianos
Firelord,good,-,-,Marvel Comics,-,193.0,99.0,Livianos
Firestar,good,Female,Mutant,Marvel Comics,-,173.0,56.0,Livianos
Firestorm,good,Male,-,DC Comics,-,-99.0,-99.0,
Firestorm,good,Male,Human,DC Comics,-,188.0,91.0,Livianos
Fixer,bad,-,-,Marvel Comics,-,-99.0,-99.0,
Flash,good,Male,Human,DC Comics,-,180.0,81.0,Livianos
Flash II,good,Male,Human,DC Comics,-,183.0,88.0,Livianos
Flash III,good,Male,Human,DC Comics,-,183.0,86.0,Livianos
Flash IV,good,Male,Human,DC Comics,-,157.0,52.0,Livianos
Forge,good,-,-,Marvel Comics,-,183.0,81.0,Livianos
Franklin Richards,good,Male,Mutant,Marvel Comics,-,142.0,45.0,Livianos
Franklin Storm,good,-,-,Marvel Comics,-,188.0,92.0,Livianos
Frenzy,bad,Female,-,Marvel Comics,-,211.0,104.0,Livianos
Frigga,good,Female,-,Marvel Comics,-,180.0,167.0,Pesados
Galactus,neutral,Male,Cosmic Entity,Marvel Comics,-,876.0,16.0,Livianos
Gambit,good,Male,Mutant,Marvel Comics,-,185.0,81.0,Livianos
Gamora,good,Female,Zen-Whoberian,Marvel Comics,green,183.0,77.0,Livianos
Garbage Man,good,Male,Mutant,DC Comics,-,-99.0,-99.0,
Gary Bell,good,Male,Alpha,SyFy,-,-99.0,-99.0,
General Zod,bad,Male,Kryptonian,DC Comics,-,190.0,98.0,Livianos
Genesis,good,Male,-,Marvel Comics,-,185.0,86.0,Livianos
Ghost Rider,good,Male,Demon,Marvel Comics,-,188.0,99.0,Livianos
Ghost Rider II,good,Male,-,Marvel Comics,-,188.0,100.0,Livianos
Giant-Man,good,Male,Human,Marvel Comics,-,182.0,83.0,Livianos
Giant-Man II,good,Male,-,Marvel Comics,-,-99.0,-99.0,
Giganta,bad,Female,-,DC Comics,-,62.5,630.0,Pesados
Gladiator,neutral,Male,Strontian,Marvel Comics,purple,198.0,268.0,Pesados
Goblin Queen,bad,Female,-,Marvel Comics,-,168.0,50.0,Livianos
Gog,bad,Male,-,DC Comics,-,-99.0,-99.0,
Goku,good,Male,Saiyan,Shueisha,-,175.0,62.0,Livianos
Goliath,good,Male,-,Marvel Comics,-,-99.0,-99.0,
Goliath,good,Male,Human,Marvel Comics,-,-99.0,-99.0,
Goliath,good,Male,Human,Marvel Comics,-,-99.0,-99.0,
Goliath IV,good,Male,-,Marvel Comics,-,183.0,90.0,Livianos
Gorilla Grodd,bad,Male,Gorilla,DC Comics,-,198.0,270.0,Pesados
Granny Goodness,bad,Female,-,DC Comics,-,178.0,115.0,Livianos
Gravity,good,Male,Human,Marvel Comics,-,178.0,79.0,Livianos
Greedo,bad,Male,Rodian,George Lucas,green,170.0,74.0,Livianos
Green Arrow,good,Male,Human,DC Comics,-,188.0,88.0,Livianos
Green Goblin,bad,Male,Human,Marvel Comics,-,180.0,83.0,Livianos
Green Goblin II,bad,Male,-,Marvel Comics,-,178.0,77.0,Livianos
Green Goblin III,good,Male,-,Marvel Comics,-,183.0,88.0,Livianos
Green Goblin IV,good,Male,-,Marvel Comics,-,178.0,79.0,Livianos
Groot,good,Male,Flora Colossus,Marvel Comics,-,701.0,4.0,Livianos
Guardian,good,Male,Human,Marvel Comics,-,188.0,75.0,Livianos
Guy Gardner,good,Male,Human-Vuldarian,DC Comics,-,188.0,95.0,Livianos
Hal Jordan,good,Male,Human,DC Comics,-,188.0,90.0,Livianos
Han Solo,good,Male,Human,George Lucas,-,183.0,79.0,Livianos
Hancock,good,Male,Human,Sony Pictures,-,188.0,91.0,Livianos
Harley Quinn,bad,Female,Human,DC Comics,-,170.0,63.0,Livianos
Harry Potter,good,Male,Human,J. K. Rowling,-,168.0,56.0,Livianos
Havok,good,Male,Mutant,Marvel Comics,-,183.0,79.0,Livianos
Hawk,good,Male,-,DC Comics,-,185.0,89.0,Livianos
Hawkeye,good,Male,Human,Marvel Comics,-,191.0,104.0,Livianos
Hawkeye II,good,Female,Human,Marvel Comics,-,165.0,57.0,Livianos
Hawkgirl,good,Female,-,DC Comics,-,175.0,61.0,Livianos
Hawkman,good,Male,-,DC Comics,-,185.0,88.0,Livianos
Hawkwoman,good,Female,-,DC Comics,-,175.0,54.0,Livianos
Hawkwoman II,good,Female,-,DC Comics,-,-99.0,-99.0,
Hawkwoman III,good,Female,-,DC Comics,-,170.0,65.0,Livianos
Heat Wave,bad,Male,Human,DC Comics,-,180.0,81.0,Livianos
Hela,bad,Female,Asgardian,Marvel Comics,-,213.0,225.0,Pesados
Hellboy,good,Male,Demon,Dark Horse Comics,-,259.0,158.0,Livianos
Hellcat,good,Female,Human,Marvel Comics,-,173.0,61.0,Livianos
Hellstorm,good,Male,-,Marvel Comics,-,185.0,81.0,Livianos
Hercules,good,Male,Demi-God,Marvel Comics,-,196.0,146.0,Livianos
Hiro Nakamura,good,Male,-,NBC - Heroes,-,-99.0,-99.0,
Hit-Girl,good,Female,Human,Icon Comics,-,164.0,54.0,Livianos
Hobgoblin,bad,Male,-,Marvel Comics,-,180.0,83.0,Livianos
Hollow,good,Female,-,Marvel Comics,-,170.0,-99.0,
Hope Summers,good,Female,-,Marvel Comics,-,168.0,48.0,Livianos
Howard the Duck,good,Male,-,Marvel Comics,-,79.0,18.0,Livianos
Hulk,good,Male,Human / Radiation,Marvel Comics,green,244.0,630.0,Pesados
Human Torch,good,Male,Human / Radiation,Marvel Comics,-,178.0,77.0,Livianos
Huntress,good,Female,-,DC Comics,-,180.0,59.0,Livianos
Husk,good,Female,Mutant,Marvel Comics,-,170.0,58.0,Livianos
Hybrid,good,Male,Symbiote,Marvel Comics,-,175.0,77.0,Livianos
Hydro-Man,bad,Male,-,Marvel Comics,-,188.0,119.0,Livianos
Hyperion,good,Male,Eternal,Marvel Comics,-,183.0,207.0,Pesados
Iceman,good,Male,Mutant,Marvel Comics,-,173.0,65.0,Livianos
Impulse,good,Male,Human,DC Comics,-,170.0,65.0,Livianos
Indiana Jones,good,Male,Human,George Lucas,-,183.0,79.0,Livianos
Indigo,neutral,Female,Alien,DC Comics,-,165.0,50.0,Livianos
Ink,good,Male,Mutant,Marvel Comics,-,180.0,81.0,Livianos
Invisible Woman,good,Female,Human / Radiation,Marvel Comics,-,168.0,54.0,Livianos
Iron Fist,good,Male,Human,Marvel Comics,-,180.0,79.0,Livianos
Iron Man,good,Male,Human,Marvel Comics,-,198.0,191.0,Pesados
Iron Monger,bad,Male,-,Marvel Comics,-,183.0,78.0,Livianos
Isis,good,Female,-,DC Comics,-,-99.0,-99.0,
Jack of Hearts,good,Male,Human,Marvel Comics,-,155.0,79.0,Livianos
Jack-Jack,good,Male,Human,Dark Horse Comics,-,71.0,14.0,Livianos
James Bond,good,Male,Human,Titan Books,-,183.0,75.0,Livianos
James T. Kirk,good,Male,Human,Star Trek,-,178.0,77.0,Livianos
Jar Jar Binks,good,Male,Gungan,George Lucas,orange / white,193.0,75.0,Livianos
Jean Grey,good,Female,Mutant,Marvel Comics,-,168.0,52.0,Livianos
Jean-Luc Picard,good,Male,Human,Star Trek,-,178.0,75.0,Livianos
Jennifer Kale,good,Female,-,Marvel Comics,-,168.0,55.0,Livianos
Jesse Quick,good,Female,Human,DC Comics,-,166.0,54.0,Livianos
Jessica Cruz,good,Female,Human,DC Comics,-,-99.0,60.0,Livianos
Jessica Jones,good,Female,Human,Marvel Comics,-,170.0,56.0,Livianos
Jessica Sanders,good,Female,-,NBC - Heroes,-,-99.0,-99.0,
Jigsaw,bad,Male,-,Marvel Comics,-,188.0,113.0,Livianos
Jim Powell,good,Male,-,ABC Studios,-,-99.0,-99.0,
JJ Powell,good,Male,-,ABC Studios,-,-99.0,-99.0,
Johann Krauss,good,Male,-,Dark Horse Comics,-,193.0,-99.0,
John Constantine,good,Male,Human,DC Comics,-,183.0,-99.0,
John Stewart,good,Male,Human,DC Comics,-,185.0,90.0,Livianos
John Wraith,good,Male,-,Marvel Comics,-,183.0,88.0,Livianos
Joker,bad,Male,Human,DC Comics,white,196.0,86.0,Livianos
Jolt,good,Female,-,Marvel Comics,-,165.0,49.0,Livianos
Jubilee,good,Female,Mutant,Marvel Comics,-,165.0,52.0,Livianos
Judge Dredd,good,Male,Human,Rebellion,-,188.0,-99.0,
Juggernaut,neutral,Male,Human,Marvel Comics,-,287.0,855.0,Pesados
Junkpile,bad,Male,Mutant,Marvel Comics,-,-99.0,-99.0,
Justice,good,Male,Human,Marvel Comics,-,178.0,81.0,Livianos
Jyn Erso,good,Female,Human,George Lucas,-,160.0,-99.0,
K-2SO,good,Male,Android,George Lucas,gray,213.0,-99.0,
Kang,bad,Male,-,Marvel Comics,-,191.0,104.0,Livianos
Karate Kid,good,Male,Human,DC Comics,-,173.0,72.0,Livianos
Kathryn Janeway,good,Female,Human,Star Trek,-,-99.0,-99.0,
Kevin 11,good,Male,Human,DC Comics,-,-99.0,-99.0,
Kick-Ass,good,Male,Human,Icon Comics,-,-99.0,-99.0,
Kid Flash,good,Male,Human,DC Comics,-,-99.0,-99.0,
Kid Flash II,good,Male,-,DC Comics,-,-99.0,-99.0,
Killer Croc,bad,Male,Metahuman,DC Comics,green,244.0,356.0,Pesados
Killer Frost,bad,Female,Human,DC Comics,blue,160.0,56.0,Livianos
Kilowog,good,Male,Bolovaxian,DC Comics,pink,234.0,324.0,Pesados
King Shark,bad,Male,Animal,DC Comics,-,220.0,172.0,Pesados
Kingpin,bad,Male,Human,Marvel Comics,-,201.0,203.0,Pesados
Klaw,bad,Male,Human,Marvel Comics,red,188.0,97.0,Livianos
Kraven II,bad,Male,Human,Marvel Comics,-,191.0,99.0,Livianos
Kraven the Hunter,bad,Male,Human,Marvel Comics,-,183.0,106.0,Livianos
Krypto,good,Male,Kryptonian,DC Comics,-,64.0,18.0,Livianos
Kyle Rayner,good,Male,Human,DC Comics,-,180.0,79.0,Livianos
Kylo Ren,bad,Male,Human,George Lucas,-,191.0,-99.0,
Lady Bullseye,bad,Female,-,Marvel Comics,-,183.0,79.0,Livianos
Lady Deathstrike,bad,Female,Cyborg,Marvel Comics,-,175.0,58.0,Livianos
Leader,bad,Male,-,Marvel Comics,-,178.0,63.0,Livianos
Leech,good,Male,-,Marvel Comics,-,168.0,55.0,Livianos
Legion,good,Male,Mutant,Marvel Comics,-,175.0,59.0,Livianos
Leonardo,good,Male,Mutant,IDW Publishing,green,187.0,81.0,Livianos
Lex Luthor,bad,Male,Human,DC Comics,-,188.0,95.0,Livianos
Light Lass,good,Female,-,DC Comics,-,165.0,54.0,Livianos
Lightning Lad,good,Male,-,DC Comics,-,155.0,65.0,Livianos
Lightning Lord,bad,Male,-,DC Comics,-,191.0,95.0,Livianos
Living Brain,bad,-,-,Marvel Comics,-,198.0,360.0,Pesados
Living Tribunal,neutral,-,Cosmic Entity,Marvel Comics,gold,180.0,249.0,Pesados
Liz Sherman,good,Female,-,Dark Horse Comics,-,-99.0,-99.0,
Lizard,bad,Male,Human,Marvel Comics,-,203.0,230.0,Pesados
Lobo,neutral,Male,Czarnian,DC Comics,blue-white,229.0,288.0,Pesados
Loki,bad,Male,Asgardian,Marvel Comics,-,193.0,236.0,Pesados
Longshot,good,Male,Human,Marvel Comics,-,188.0,36.0,Livianos
Luke Cage,good,Male,Human,Marvel Comics,-,198.0,191.0,Pesados
Luke Campbell,bad,Male,-,NBC - Heroes,-,-99.0,-99.0,
Luke Skywalker,good,Male,Human,George Lucas,-,168.0,77.0,Livianos
Luna,good,Female,Human,Marvel Comics,-,-99.0,-99.0,
Lyja,good,Female,-,Marvel Comics,-,-99.0,-99.0,
Mach-IV,bad,Male,-,Marvel Comics,-,180.0,79.0,Livianos
Machine Man,good,-,-,Marvel Comics,-,183.0,383.0,Pesados
Magneto,bad,Male,Mutant,Marvel Comics,-,188.0,86.0,Livianos
Magog,good,Male,-,DC Comics,-,-99.0,-99.0,
Magus,bad,Male,-,Marvel Comics,-,183.0,-99.0,
Man of Miracles,-,-,God / Eternal,Image Comics,-,182.0,84.0,Livianos
Man-Bat,neutral,Male,Human,DC Comics,-,185.0,92.0,Livianos
Man-Thing,good,Male,-,Marvel Comics,green,213.0,225.0,Pesados
Man-Wolf,good,Male,-,Marvel Comics,-,188.0,90.0,Livianos
Mandarin,bad,Male,Human,Marvel Comics,-,188.0,97.0,Livianos
Mantis,good,Female,Human-Kree,Marvel Comics,green,168.0,52.0,Livianos
Martian Manhunter,good,Male,Martian,DC Comics,green,201.0,135.0,Livianos
Marvel Girl,good,Female,-,Marvel Comics,-,170.0,56.0,Livianos
Master Brood,good,Male,-,Team Epic TV,-,183.0,81.0,Livianos
Master Chief,good,Male,Human / Altered,Microsoft,-,213.0,-99.0,
Match,bad,Male,-,DC Comics,-,-99.0,-99.0,
Matt Parkman,good,Male,-,NBC - Heroes,-,188.0,86.0,Livianos
Maverick,good,Male,-,Marvel Comics,-,193.0,110.0,Livianos
Maxima,bad,Female,-,DC Comics,-,180.0,72.0,Livianos
Maya Herrera,good,Female,-,NBC - Heroes,-,-99.0,-99.0,
Medusa,good,Female,Inhuman,Marvel Comics,-,180.0,59.0,Livianos
Meltdown,good,Female,-,Marvel Comics,-,165.0,54.0,Livianos
Mephisto,bad,Male,-,Marvel Comics,-,198.0,140.0,Livianos
Mera,good,Female,Atlantean,DC Comics,-,175.0,72.0,Livianos
Metallo,bad,Male,Android,DC Comics,-,196.0,90.0,Livianos
Metamorpho,good,Male,-,DC Comics,-,185.0,90.0,Livianos
Meteorite,good,Female,-,Marvel Comics,-,-99.0,-99.0,
Metron,good,Male,-,DC Comics,-,185.0,86.0,Livianos
Micah Sanders,good,Male,-,NBC - Heroes,-,175.0,70.0,Livianos
Michelangelo,good,Male,Mutant,IDW Publishing,green,157.0,82.0,Livianos
Micro Lad,good,Male,-,DC Comics,-,183.0,77.0,Livianos
Mimic,good,Male,-,Marvel Comics,-,188.0,101.0,Livianos
Minna Murray,good,Female,-,Wildstorm,-,-99.0,-99.0,
Misfit,good,Female,-,DC Comics,-,-99.0,-99.0,
Miss Martian,good,Female,-,DC Comics,-,178.0,61.0,Livianos
Mister Fantastic,good,Male,Human / Radiation,Marvel Comics,-,185.0,81.0,Livianos
Mister Freeze,bad,Male,Human,DC Comics,-,183.0,86.0,Livianos
Mister Knife,bad,Male,Spartoi,Marvel Comics,-,-99.0,-99.0,
Mister Mxyzptlk,bad,Male,God / Eternal,DC Comics,-,137.0,-99.0,
Mister Sinister,bad,Male,Human / Altered,Marvel Comics,-,196.0,128.0,Livianos
Mister Zsasz,bad,Male,Human,DC Comics,-,178.0,68.0,Livianos
Mockingbird,good,Female,Human,Marvel Comics,-,175.0,61.0,Livianos
MODOK,bad,Male,Cyborg,Marvel Comics,-,366.0,338.0,Pesados
Mogo,good,Male,Planet,DC Comics,-,-99.0,-99.0,
Mohinder Suresh,good,Male,-,NBC - Heroes,-,177.0,70.0,Livianos
Moloch,bad,Male,-,DC Comics,-,253.0,602.0,Pesados
Molten Man,bad,Male,-,Marvel Comics,-,196.0,248.0,Pesados
Monarch,good,Male,-,DC Comics,-,193.0,90.0,Livianos
Monica Dawson,good,Female,-,NBC - Heroes,-,-99.0,-99.0,
Moon Knight,good,Male,Human,Marvel Comics,-,188.0,101.0,Livianos
Moonstone,bad,Female,-,Marvel Comics,-,180.0,59.0,Livianos
Morlun,bad,Male,-,Marvel Comics,-,188.0,79.0,Livianos
Morph,good,Male,-,Marvel Comics,-,178.0,79.0,Livianos
Moses Magnum,bad,Male,-,Marvel Comics,-,175.0,72.0,Livianos
Mr Immortal,good,Male,Mutant,Marvel Comics,-,188.0,70.0,Livianos
Mr Incredible,good,Male,Human,Dark Horse Comics,-,201.0,158.0,Livianos
Ms Marvel II,good,Female,-,Marvel Comics,-,173.0,61.0,Livianos
Multiple Man,good,Male,-,Marvel Comics,-,180.0,70.0,Livianos
Mysterio,bad,Male,Human,Marvel Comics,-,180.0,79.0,Livianos
Mystique,bad,Female,Mutant,Marvel Comics,blue,178.0,54.0,Livianos
Namor,good,Male,-,Marvel Comics,-,188.0,126.0,Livianos
Namor,good,Male,Atlantean,Marvel Comics,-,188.0,125.0,Livianos
Namora,good,Female,-,Marvel Comics,-,180.0,85.0,Livianos
Namorita,good,Female,-,Marvel Comics,-,168.0,101.0,Livianos
Naruto Uzumaki,good,Male,Human,Shueisha,-,168.0,54.0,Livianos
Nathan Petrelli,good,Male,-,NBC - Heroes,-,-99.0,-99.0,
Nebula,bad,Female,Luphomoid,Marvel Comics,blue,185.0,83.0,Livianos
Negasonic Teenage Warhead,good,Female,Mutant,Marvel Comics,-,161.0,52.0,Livianos
Nick Fury,good,Male,Human,Marvel Comics,-,185.0,99.0,Livianos
Nightcrawler,good,Male,-,Marvel Comics,-,175.0,88.0,Livianos
Nightwing,good,Male,Human,DC Comics,-,178.0,79.0,Livianos
Niki Sanders,good,Female,-,NBC - Heroes,-,173.0,-99.0,
Nina Theroux,good,Female,Alpha,SyFy,-,-99.0,-99.0,
Nite Owl II,good,Male,-,DC Comics,-,-99.0,-99.0,
Northstar,good,Male,-,Marvel Comics,-,180.0,83.0,Livianos
Nova,good,Male,Human,Marvel Comics,-,185.0,86.0,Livianos
Nova,good,Female,Human / Cosmic,Marvel Comics,gold,163.0,59.0,Livianos
Odin,good,Male,God / Eternal,Marvel Comics,-,206.0,293.0,Pesados
Offspring,good,Male,-,DC Comics,-,-99.0,-99.0,
Omega Red,bad,Male,-,Marvel Comics,-,211.0,191.0,Pesados
Omniscient,good,Male,-,Team Epic TV,-,180.0,65.0,Livianos
One Punch Man,good,Male,Human,Shueisha,-,175.0,69.0,Livianos
One-Above-All,neutral,-,Cosmic Entity,Marvel Comics,-,-99.0,-99.0,
Onslaught,bad,Male,Mutant,Marvel Comics,-,305.0,405.0,Pesados
Oracle,good,Female,Human,DC Comics,-,178.0,59.0,Livianos
Osiris,good,Male,-,DC Comics,-,-99.0,-99.0,
Overtkill,bad,Male,-,Image Comics,-,228.0,262.0,Pesados
Ozymandias,bad,Male,Human,DC Comics,-,179.0,65.0,Livianos
Parademon,bad,-,Parademon,DC Comics,-,-99.0,-99.0,
Paul Blart,good,Male,Human,Sony Pictures,-,170.0,117.0,Livianos
Penance,good,-,-,Marvel Comics,-,182.0,89.0,Livianos
Penance I,good,Female,-,Marvel Comics,-,182.0,89.0,Livianos
Penance II,good,Male,-,Marvel Comics,-,183.0,89.0,Livianos
Penguin,bad,Male,Human,DC Comics,-,157.0,79.0,Livianos
Peter Petrelli,good,Male,-,NBC - Heroes,-,177.0,-99.0,
Phantom,good,Male,-,DC Comics,-,-99.0,-99.0,
Phantom Girl,good,Female,-,DC Comics,-,168.0,54.0,Livianos
Phoenix,good,Female,Mutant,Marvel Comics,-,168.0,52.0,Livianos
Plantman,bad,Male,Mutant,Marvel Comics,-,183.0,87.0,Livianos
Plastic Lad,good,Male,Human,DC Comics,-,185.0,81.0,Livianos
Plastic Man,good,Male,Human,DC Comics,-,185.0,80.0,Livianos
Plastique,bad,Female,-,DC Comics,-,168.0,55.0,Livianos
Poison Ivy,bad,Female,Human,DC Comics,green,168.0,50.0,Livianos
Polaris,good,Female,Mutant,Marvel Comics,-,170.0,52.0,Livianos
Power Girl,good,Female,Kryptonian,DC Comics,-,180.0,81.0,Livianos
Power Man,good,Male,Mutant,Marvel Comics,-,198.0,121.0,Livianos
Predator,bad,Male,Yautja,Dark Horse Comics,-,213.0,234.0,Pesados
Professor X,good,Male,Mutant,Marvel Comics,-,183.0,86.0,Livianos
Professor Zoom,bad,Male,Human,DC Comics,-,180.0,81.0,Livianos
Proto-Goblin,bad,Male,-,Marvel Comics,-,-99.0,-99.0,
Psylocke,good,Female,Mutant,Marvel Comics,-,180.0,70.0,Livianos
Punisher,good,Male,Human,Marvel Comics,-,183.0,90.0,Livianos
Purple Man,bad,Male,Human,Marvel Comics,purple,180.0,74.0,Livianos
Pyro,bad,Male,-,Marvel Comics,-,178.0,68.0,Livianos
Q,-,Male,God / Eternal,Star Trek,-,-99.0,-99.0,
Quantum,good,Male,-,HarperCollins,-,-99.0,-99.0,
Question,good,Male,Human,DC Comics,-,188.0,83.0,Livianos
Quicksilver,good,Male,Mutant,Marvel Comics,-,183.0,79.0,Livianos
Quill,good,Male,-,Marvel Comics,-,163.0,56.0,Livianos
Ra's Al Ghul,bad,Male,Human,DC Comics,-,193.0,97.0,Livianos
Rachel Pirzad,good,Female,Alpha,SyFy,-,-99.0,-99.0,
Raphael,good,Male,Mutant,IDW Publishing,green,185.0,-99.0,
Raven,neutral,Female,Human,DC Comics,-,165.0,50.0,Livianos
Ray,good,Male,Human,DC Comics,-,178.0,70.0,Livianos
Razor-Fist II,bad,Male,-,Marvel Comics,-,191.0,117.0,Livianos
Red Arrow,good,Male,Human,DC Comics,-,180.0,83.0,Livianos
Red Hood,neutral,Male,Human,DC Comics,-,183.0,81.0,Livianos
Red Hulk,neutral,Male,Human / Radiation,Marvel Comics,red,213.0,630.0,Pesados
Red Mist,bad,Male,-,Icon Comics,-,-99.0,-99.0,
Red Robin,good,Male,Human,DC Comics,-,165.0,56.0,Livianos
Red Skull,bad,Male,-,Marvel Comics,-,188.0,108.0,Livianos
Red Tornado,good,Male,Android,DC Comics,-,185.0,146.0,Livianos
Redeemer II,bad,Male,-,Image Comics,-,-99.0,-99.0,
Redeemer III,bad,Male,-,Image Comics,-,-99.0,-99.0,
Renata Soliz,good,Female,-,HarperCollins,-,-99.0,-99.0,
Rey,good,Female,Human,George Lucas,-,297.0,-99.0,
Rhino,bad,Male,Human / Radiation,Marvel Comics,-,196.0,320.0,Pesados
Rick Flag,bad,Male,-,DC Comics,-,185.0,85.0,Livianos
Riddler,bad,Male,-,DC Comics,-,175.0,68.0,Livianos
Rip Hunter,good,Male,Human,DC Comics,-,-99.0,-99.0,
Ripcord,good,Female,-,Marvel Comics,-,180.0,72.0,Livianos
Robin,good,Male,Human,DC Comics,-,178.0,79.0,Livianos
Robin II,good,Male,Human,DC Comics,-,183.0,101.0,Livianos
Robin III,good,Male,Human,DC Comics,-,165.0,56.0,Livianos
Robin V,good,Male,Human,DC Comics,-,137.0,38.0,Livianos
Robin VI,neutral,Female,Human,DC Comics,-,-99.0,-99.0,
Rocket Raccoon,good,Male,Animal,Marvel Comics,-,122.0,25.0,Livianos
Rogue,good,Female,-,Marvel Comics,-,173.0,54.0,Livianos
Ronin,good,Male,Human,Marvel Comics,-,191.0,104.0,Livianos
Rorschach,good,Male,Human,DC Comics,-,168.0,63.0,Livianos
Sabretooth,bad,Male,Mutant,Marvel Comics,-,198.0,171.0,Pesados
Sage,good,Female,-,Marvel Comics,-,170.0,61.0,Livianos
Sandman,neutral,Male,Human,Marvel Comics,-,185.0,203.0,Pesados
Sasquatch,good,Male,-,Marvel Comics,-,305.0,900.0,Pesados
Sauron,bad,Male,Maiar,J. R. R. Tolkien,-,279.0,-99.0,
Savage Dragon,good,Male,-,Image Comics,-,190.0,-99.0,
Scarecrow,bad,Male,Human,DC Comics,-,183.0,63.0,Livianos
Scarlet Spider,good,Male,Human,Marvel Comics,-,178.0,74.0,Livianos
Scarlet Spider II,good,Male,Clone,Marvel Comics,-,193.0,113.0,Livianos
Scarlet Witch,bad,Female,Mutant,Marvel Comics,-,170.0,59.0,Livianos
Scorpia,bad,Female,-,Marvel Comics,-,178.0,63.0,Livianos
Scorpion,bad,Male,Human,Marvel Comics,-,211.0,310.0,Pesados
Sebastian Shaw,bad,Male,Mutant,Marvel Comics,-,-99.0,-99.0,
Sentry,neutral,Male,Mutant,Marvel Comics,-,188.0,87.0,Livianos
Shadow King,good,-,-,Marvel Comics,-,185.0,149.0,Livianos
Shadow Lass,good,Female,Talokite,DC Comics,blue,173.0,54.0,Livianos
Shadowcat,good,Female,Mutant,Marvel Comics,-,168.0,50.0,Livianos
Shang-Chi,good,Male,Human,Marvel Comics,-,178.0,79.0,Livianos
Shatterstar,good,Male,-,Marvel Comics,-,191.0,88.0,Livianos
She-Hulk,good,Female,Human,Marvel Comics,-,201.0,315.0,Pesados
She-Thing,good,Female,Human / Radiation,Marvel Comics,-,183.0,153.0,Livianos
Shocker,bad,Male,Human,Marvel Comics,-,175.0,79.0,Livianos
Shriek,good,Female,-,Marvel Comics,-,173.0,52.0,Livianos
Shrinking Violet,good,Female,-,DC Comics,-,167.0,54.0,Livianos
Sif,good,Female,Asgardian,Marvel Comics,-,188.0,191.0,Pesados
Silk,good,Female,Human,Marvel Comics,-,170.0,59.0,Livianos
Silk Spectre,good,Female,-,DC Comics,-,-99.0,-99.0,
Silk Spectre II,good,Female,-,DC Comics,-,-99.0,-99.0,
Silver Surfer,good,Male,Alien,Marvel Comics,silver,193.0,101.0,Livianos
Silverclaw,good,Female,-,Marvel Comics,-,157.0,50.0,Livianos
Simon Baz,good,Male,Human,DC Comics,-,-99.0,-99.0,
Sinestro,neutral,Male,Korugaran,DC Comics,red,201.0,92.0,Livianos
Siren,bad,Female,Atlantean,DC Comics,-,175.0,72.0,Livianos
Siren II,bad,Female,-,DC Comics,-,-99.0,-99.0,
Siryn,bad,Female,-,Marvel Comics,-,168.0,52.0,Livianos
Skaar,good,Male,-,Marvel Comics,-,198.0,180.0,Pesados
Snake-Eyes,bad,Male,Animal,Marvel Comics,-,-99.0,-99.0,
Snowbird,good,Female,-,Marvel Comics,-,178.0,49.0,Livianos
Sobek,good,Male,-,DC Comics,-,-99.0,-99.0,
Solomon Grundy,bad,Male,Zombie,DC Comics,-,279.0,437.0,Pesados
Songbird,good,Female,-,Marvel Comics,-,165.0,65.0,Livianos
Space Ghost,good,Male,Human,DC Comics,-,188.0,113.0,Livianos
Spawn,good,Male,Demon,Image Comics,-,211.0,405.0,Pesados
Spectre,good,Male,God / Eternal,DC Comics,white,-99.0,-99.0,
Speedball,good,Male,-,Marvel Comics,-,182.0,90.0,Livianos
Speedy,good,Male,Human,DC Comics,-,181.0,81.0,Livianos
Speedy,good,Female,Human,DC Comics,-,181.0,81.0,Livianos
Spider-Carnage,bad,Male,Symbiote,Marvel Comics,-,-99.0,-99.0,
Spider-Girl,good,Female,Human,Marvel Comics,-,170.0,54.0,Livianos
Spider-Gwen,good,Female,Human,Marvel Comics,-,165.0,56.0,Livianos
Spider-Man,good,Male,Human,Marvel Comics,-,178.0,74.0,Livianos
Spider-Man,good,-,Human,Marvel Comics,-,178.0,77.0,Livianos
Spider-Man,good,Male,Human,Marvel Comics,-,157.0,56.0,Livianos
Spider-Woman,good,Female,Human,Marvel Comics,-,178.0,59.0,Livianos
Spider-Woman II,good,Female,-,Marvel Comics,-,-99.0,-99.0,
Spider-Woman III,good,Female,-,Marvel Comics,-,173.0,55.0,Livianos
Spider-Woman IV,bad,Female,-,Marvel Comics,-,178.0,58.0,Livianos
Spock,good,Male,Human-Vulcan,Star Trek,-,185.0,81.0,Livianos
Spyke,good,Male,Mutant,Marvel Comics,-,183.0,83.0,Livianos
Stacy X,good,Female,-,Marvel Comics,-,-99.0,-99.0,
Star-Lord,good,Male,Human-Spartoi,Marvel Comics,-,188.0,79.0,Livianos
Stardust,good,Male,-,Marvel Comics,-,-99.0,-99.0,
Starfire,good,Female,Tamaranean,DC Comics,orange,193.0,71.0,Livianos
Stargirl,good,Female,Human,DC Comics,-,165.0,62.0,Livianos
Static,good,Male,Mutant,DC Comics,-,170.0,63.0,Livianos
Steel,good,Male,-,DC Comics,-,201.0,131.0,Livianos
Stephanie Powell,good,Female,-,ABC Studios,-,-99.0,-99.0,
Steppenwolf,bad,Male,New God,DC Comics,white,183.0,91.0,Livianos
Storm,good,Female,Mutant,Marvel Comics,-,180.0,57.0,Livianos
Stormtrooper,bad,Male,Human,George Lucas,-,183.0,-99.0,
Sunspot,good,Male,Mutant,Marvel Comics,-,173.0,77.0,Livianos
Superboy,good,Male,-,DC Comics,-,170.0,68.0,Livianos
Superboy-Prime,bad,Male,Kryptonian,DC Comics,-,180.0,77.0,Livianos
Supergirl,good,Female,Kryptonian,DC Comics,-,165.0,54.0,Livianos
Superman,good,Male,Kryptonian,DC Comics,-,191.0,101.0,Livianos
Swamp Thing,bad,Male,God / Eternal,DC Comics,green,-99.0,-99.0,
Swarm,bad,Male,Mutant,Marvel Comics,yellow,196.0,47.0,Livianos
Sylar,bad,Male,-,NBC - Heroes,-,-99.0,-99.0,
Synch,good,Male,-,Marvel Comics,-,180.0,74.0,Livianos
T-1000,bad,Male,Android,Dark Horse Comics,silver,183.0,146.0,Livianos
T-800,bad,Male,Cyborg,Dark Horse Comics,-,-99.0,176.0,Pesados
T-850,bad,Male,Cyborg,Dark Horse Comics,-,-99.0,198.0,Pesados
T-X,bad,Female,Cyborg,Dark Horse Comics,silver,-99.0,149.0,Livianos
Taskmaster,bad,Male,Human,Marvel Comics,-,188.0,99.0,Livianos
Tempest,good,Female,-,Marvel Comics,-,163.0,54.0,Livianos
Thanos,bad,Male,Eternal,Marvel Comics,purple,201.0,443.0,Pesados
The Comedian,neutral,Male,Human,DC Comics,-,188.0,101.0,Livianos
Thing,good,Male,Human / Radiation,Marvel Comics,-,183.0,225.0,Pesados
Thor,good,Male,Asgardian,Marvel Comics,-,198.0,288.0,Pesados
Thor Girl,good,Female,Asgardian,Marvel Comics,-,175.0,143.0,Livianos
Thunderbird,good,Male,-,Marvel Comics,-,185.0,101.0,Livianos
Thunderbird II,good,Male,-,Marvel Comics,-,-99.0,-99.0,
Thunderbird III,good,Male,-,Marvel Comics,-,175.0,74.0,Livianos
Thunderstrike,good,Male,-,Marvel Comics,-,198.0,288.0,Pesados
Thundra,good,Female,-,Marvel Comics,-,218.0,158.0,Livianos
Tiger Shark,bad,Male,Human,Marvel Comics,grey,185.0,203.0,Pesados
Tigra,good,Female,-,Marvel Comics,-,178.0,81.0,Livianos
Tinkerer,bad,Male,-,Marvel Comics,-,163.0,54.0,Livianos
Titan,good,Male,-,HarperCollins,-,-99.0,-99.0,
Toad,neutral,Male,Mutant,Marvel Comics,green,175.0,76.0,Livianos
Toxin,good,Male,Symbiote,Marvel Comics,-,188.0,97.0,Livianos
Toxin,good,Male,Symbiote,Marvel Comics,-,191.0,117.0,Livianos
Tracy Strauss,good,Female,-,NBC - Heroes,-,-99.0,-99.0,
Trickster,-,Male,Human,DC Comics,-,183.0,81.0,Livianos
Trigon,bad,Male,God / Eternal,DC Comics,red,-99.0,-99.0,
Triplicate Girl,good,Female,-,DC Comics,-,168.0,59.0,Livianos
Triton,good,Male,Inhuman,Marvel Comics,green,188.0,86.0,Livianos
Two-Face,bad,Male,-,DC Comics,-,183.0,82.0,Livianos
Ultragirl,good,Female,-,Marvel Comics,-,168.0,105.0,Livianos
Ultron,bad,Male,Android,Marvel Comics,silver,206.0,331.0,Pesados
Utgard-Loki,bad,Male,Frost Giant,Marvel Comics,-,152.0,58.0,Livianos
Vagabond,good,Female,-,Marvel Comics,-,168.0,54.0,Livianos
Valerie Hart,good,Female,-,Team Epic TV,-,175.0,56.0,Livianos
Valkyrie,good,Female,-,Marvel Comics,-,191.0,214.0,Pesados
Vanisher,bad,Male,-,Marvel Comics,-,165.0,79.0,Livianos
Vegeta,bad,Male,Saiyan,Shueisha,-,168.0,73.0,Livianos
Venom,bad,Male,Symbiote,Marvel Comics,-,191.0,117.0,Livianos
Venom II,bad,Male,-,Marvel Comics,-,175.0,50.0,Livianos
Venom III,bad,Male,Symbiote,Marvel Comics,-,229.0,334.0,Pesados
Venompool,-,Male,Symbiote,Marvel Comics,-,226.0,-99.0,
Vertigo II,good,Female,-,Marvel Comics,-,168.0,52.0,Livianos
Vibe,good,Male,Human,DC Comics,-,178.0,71.0,Livianos
Vindicator,good,Female,Human,Marvel Comics,-,165.0,54.0,Livianos
Vindicator,good,Male,-,Marvel Comics,-,-99.0,-99.0,
Violator,bad,Male,-,Image Comics,-,248.0,-99.0,
Violet Parr,good,Female,Human,Dark Horse Comics,-,137.0,41.0,Livianos
Vision,good,Male,Android,Marvel Comics,red,191.0,135.0,Livianos
Vision II,good,-,-,Marvel Comics,-,191.0,135.0,Livianos
Vixen,good,Female,Human,DC Comics,-,175.0,63.0,Livianos
Vulcan,good,Male,-,Marvel Comics,-,-99.0,-99.0,
Vulture,bad,Male,Human,Marvel Comics,-,180.0,79.0,Livianos
Walrus,bad,Male,Human,Marvel Comics,-,183.0,162.0,Pesados
War Machine,good,Male,Human,Marvel Comics,-,185.0,95.0,Livianos
Warbird,good,Female,-,Marvel Comics,-,180.0,54.0,Livianos
Warlock,good,Male,-,Marvel Comics,-,188.0,108.0,Livianos
Warp,bad,Male,-,DC Comics,-,173.0,67.0,Livianos
Warpath,good,Male,Mutant,Marvel Comics,-,218.0,158.0,Livianos
Wasp,good,Female,Human,Marvel Comics,-,163.0,50.0,Livianos
Watcher,good,Male,-,Marvel Comics,-,-99.0,-99.0,
Weapon XI,bad,Male,-,Marvel Comics,-,-99.0,-99.0,
White Canary,bad,Female,Human,DC Comics,-,-99.0,-99.0,
White Queen,good,Female,-,Marvel Comics,-,178.0,65.0,Livianos
Wildfire,good,Male,-,DC Comics,-,-99.0,-99.0,
Winter Soldier,good,Male,Human,Marvel Comics,-,175.0,117.0,Livianos
Wiz Kid,good,-,-,Marvel Comics,-,140.0,39.0,Livianos
Wolfsbane,good,Female,-,Marvel Comics,-,366.0,473.0,Pesados
Wolverine,good,Male,Mutant,Marvel Comics,-,160.0,135.0,Livianos
Wonder Girl,good,Female,Demi-God,DC Comics,-,165.0,51.0,Livianos
Wonder Man,good,Male,-,Marvel Comics,-,188.0,171.0,Pesados
Wonder Woman,good,Female,Amazon,DC Comics,-,183.0,74.0,Livianos
Wondra,good,Female,-,Marvel Comics,-,-99.0,-99.0,
Wyatt Wingfoot,good,Male,-,Marvel Comics,-,196.0,117.0,Livianos
X-23,good,Female,Mutant / Clone,Marvel Comics,-,155.0,50.0,Livianos
X-Man,good,Male,-,Marvel Comics,-,175.0,61.0,Livianos
Yellow Claw,bad,Male,-,Marvel Comics,-,188.0,95.0,Livianos
Yellowjacket,good,Male,Human,Marvel Comics,-,183.0,83.0,Livianos
Yellowjacket II,good,Female,Human,Marvel Comics,-,165.0,52.0,Livianos
Ymir,good,Male,Frost Giant,Marvel Comics,white,304.8,-99.0,
Yoda,good,Male,Yoda's species,George Lucas,green,66.0,17.0,Livianos
Zatanna,good,Female,Human,DC Comics,-,170.0,57.0,Livianos
Zoom,bad,Male,-,DC Comics,-,185.0,81.0,Livianos
